-- =====================================================
-- TABLE 1: ADMINS (100 Records) *
-- =====================================================

INSERT INTO admins (profile, name,date_of_birth, email, password, status, created_by) VALUES
('profile1.jpg', 'Ahmed Khan','2006-01-01', 'ahmed.khan1@election.gov.pk', '$2y$10$hash1', 'active', 1),
('profile2.jpg', 'Fatima Ali','2003-10-01', 'fatima.ali2@election.gov.pk', '$2y$10$hash2', 'active', 1),
('profile3.jpg', 'Hassan Malik','2003-01-02', 'hassan.malik3@election.gov.pk', '$2y$10$hash3', 'active', 1),
('profile4.jpg', 'Ayesha Ahmed','2008-01-09', 'ayesha.ahmed4@election.gov.pk', '$2y$10$hash4', 'inactive', 1),
('profile5.jpg', 'Usman Raza','2009-02-02', 'usman.raza5@election.gov.pk', '$2y$10$hash5', 'active', 1),
('profile6.jpg', 'Zainab Hussain','2009-03-03', 'zainab.hussain6@election.gov.pk', '$2y$10$hash6', 'active', 1),
('profile7.jpg', 'Ali Akbar','2006-01-01', 'ali.akbar7@election.gov.pk', '$2y$10$hash7', 'suspended', 1),
('profile8.jpg', 'Maryam Siddiqui','2006-01-01', 'maryam.siddiqui8@election.gov.pk', '$2y$10$hash8', 'active', 1),
('profile9.jpg', 'Bilal Sheikh','2006-01-01', 'bilal.sheikh9@election.gov.pk', '$2y$10$hash9', 'active', 1),
('profile10.jpg', 'Sana Tariq','2006-01-01', 'sana.tariq10@election.gov.pk', '$2y$10$hash10', 'active', 1),
('profile11.jpg', 'Kamran Iqbal','2006-01-01', 'kamran.iqbal11@election.gov.pk', '$2y$10$hash11', 'active', 1),
('profile12.jpg', 'Hira Nadeem','2006-01-01', 'hira.nadeem12@election.gov.pk', '$2y$10$hash12', 'inactive', 1),
('profile13.jpg', 'Faisal Mahmood','2006-01-01', 'faisal.mahmood13@election.gov.pk', '$2y$10$hash13', 'active', 1),
('profile14.jpg', 'Nida Aslam','2006-01-01', 'nida.aslam14@election.gov.pk', '$2y$10$hash14', 'active', 1),
('profile15.jpg', 'Imran Javed','2006-01-01', 'imran.javed15@election.gov.pk', '$2y$10$hash15', 'active', 1),
('profile16.jpg', 'Rabia Nawaz','2006-01-01', 'rabia.nawaz16@election.gov.pk', '$2y$10$hash16', 'active', 1),
('profile17.jpg', 'Tariq Jamil','2006-01-01', 'tariq.jamil17@election.gov.pk', '$2y$10$hash17', 'suspended', 1),
('profile18.jpg', 'Sadia Aziz','2006-01-01', 'sadia.aziz18@election.gov.pk', '$2y$10$hash18', 'active', 1),
('profile19.jpg', 'Wasim Akram','2006-01-01', 'wasim.akram19@election.gov.pk', '$2y$10$hash19', 'active', 1),
('profile20.jpg', 'Amina Bashir','2006-01-01', 'amina.bashir20@election.gov.pk', '$2y$10$hash20', 'active', 1),
('profile21.jpg', 'Shahid Afridi','2006-01-01', 'shahid.afridi21@election.gov.pk', '$2y$10$hash21', 'active', 1),
('profile22.jpg', 'Kiran Butt','2006-01-01', 'kiran.butt22@election.gov.pk', '$2y$10$hash22', 'inactive', 1),
('profile23.jpg', 'Nadeem Abbas','2006-01-01', 'nadeem.abbas23@election.gov.pk', '$2y$10$hash23', 'active', 1),
('profile24.jpg', 'Saima Noor','2006-01-01', 'saima.noor24@election.gov.pk', '$2y$10$hash24', 'active', 1),
('profile25.jpg', 'Asad Malik','2006-01-01', 'asad.malik25@election.gov.pk', '$2y$10$hash25', 'active', 1),
('profile26.jpg', 'Mehwish Khan','2006-01-01', 'mehwish.khan26@election.gov.pk', '$2y$10$hash26', 'active', 1),
('profile27.jpg', 'Rizwan Ahmed','2006-01-01', 'rizwan.ahmed27@election.gov.pk', '$2y$10$hash27', 'suspended', 1),
('profile28.jpg', 'Bushra Amin','2006-01-01', 'bushra.amin28@election.gov.pk', '$2y$10$hash28', 'active', 1),
('profile29.jpg', 'Shoaib Akhtar','2006-01-01', 'shoaib.akhtar29@election.gov.pk', '$2y$10$hash29', 'active', 1),
('profile30.jpg', 'Humaira Arshad','2006-01-01', 'humaira.arshad30@election.gov.pk', '$2y$10$hash30', 'active', 1),
('profile31.jpg', 'Junaid Safdar','2006-01-01', 'junaid.safdar31@election.gov.pk', '$2y$10$hash31', 'active', 1),
('profile32.jpg', 'Nadia Jamil','2006-01-01', 'nadia.jamil32@election.gov.pk', '$2y$10$hash32', 'inactive', 1),
('profile33.jpg', 'Omer Akbar','2006-01-01', 'omer.akbar33@election.gov.pk', '$2y$10$hash33', 'active', 1),
('profile34.jpg', 'Farah Malik','2006-01-01', 'farah.malik34@election.gov.pk', '$2y$10$hash34', 'active', 1),
('profile35.jpg', 'Hamza Ali','2006-01-01', 'hamza.ali35@election.gov.pk', '$2y$10$hash35', 'active', 1),
('profile36.jpg', 'Sara Iftikhar','2006-01-01', 'sara.iftikhar36@election.gov.pk', '$2y$10$hash36', 'active', 1),
('profile37.jpg', 'Danish Taimoor','2006-01-01', 'danish.taimoor37@election.gov.pk', '$2y$10$hash37', 'suspended', 1),
('profile38.jpg', 'Mahnoor Baloch','2006-01-01', 'mahnoor.baloch38@election.gov.pk', '$2y$10$hash38', 'active', 1),
('profile39.jpg', 'Shehzad Roy','2010-01-01', 'shehzad.roy39@election.gov.pk', '$2y$10$hash39', 'active', 1),
('profile40.jpg', 'Aiman Khan','2010-01-01', 'aiman.khan40@election.gov.pk', '$2y$10$hash40', 'active', 1),
('profile41.jpg', 'Fahad Mustafa','2010-01-01', 'fahad.mustafa41@election.gov.pk', '$2y$10$hash41', 'active', 1),
('profile42.jpg', 'Iqra Aziz','2010-01-01', 'iqra.aziz42@election.gov.pk', '$2y$10$hash42', 'inactive', 1),
('profile43.jpg', 'Ahsan Khan','2010-01-01', 'ahsan.khan43@election.gov.pk', '$2y$10$hash43', 'active', 1),
('profile44.jpg', 'Neelam Muneer','2010-01-01', 'neelam.muneer44@election.gov.pk', '$2y$10$hash44', 'active', 1),
('profile45.jpg', 'Fawad Khan','2008-09-08', 'fawad.khan45@election.gov.pk', '$2y$10$hash45', 'active', 1),
('profile46.jpg', 'Mahira Khan','2008-09-08', 'mahira.khan46@election.gov.pk', '$2y$10$hash46', 'active', 1),
('profile47.jpg', 'Humayun Saeed','2008-09-08', 'humayun.saeed47@election.gov.pk', '$2y$10$hash47', 'suspended', 1),
('profile48.jpg', 'Sajal Aly','2008-09-08', 'sajal.aly48@election.gov.pk', '$2y$10$hash48', 'active', 1),
('profile49.jpg', 'Adnan Siddiqui','2008-09-08', 'adnan.siddiqui49@election.gov.pk', '$2y$10$hash49', 'active', 1),
('profile50.jpg', 'Maya Ali','2008-09-08', 'maya.ali50@election.gov.pk', '$2y$10$hash50', 'active', 1),
('profile51.jpg', 'Feroze Khan','2008-09-08', 'feroze.khan51@election.gov.pk', '$2y$10$hash51', 'active', 1),
('profile52.jpg', 'Hania Aamir','2008-09-08', 'hania.aamir52@election.gov.pk', '$2y$10$hash52', 'inactive', 1),
('profile53.jpg', 'Bilal Abbas','2008-09-08', 'bilal.abbas53@election.gov.pk', '$2y$10$hash53', 'active', 1),
('profile54.jpg', 'Yumna Zaidi','2008-09-08', 'yumna.zaidi54@election.gov.pk', '$2y$10$hash54', 'active', 1),
('profile55.jpg', 'Osman Khalid','2008-09-08', 'osman.khalid55@election.gov.pk', '$2y$10$hash55', 'active', 1),
('profile56.jpg', 'Alizeh Shah','2008-09-08', 'alizeh.shah56@election.gov.pk', '$2y$10$hash56', 'active', 1),
('profile57.jpg', 'Wahaj Ali','2008-09-08', 'wahaj.ali57@election.gov.pk', '$2y$10$hash57', 'suspended', 1),
('profile58.jpg', 'Ramsha Khan','2008-09-08', 'ramsha.khan58@election.gov.pk', '$2y$10$hash58', 'active', 1),
('profile59.jpg', 'Imran Ashraf','2008-09-08', 'imran.ashraf59@election.gov.pk', '$2y$10$hash59', 'active', 1),
('profile60.jpg', 'Ayeza Khan','2008-09-08', 'ayeza.khan60@election.gov.pk', '$2y$10$hash60', 'active', 1),
('profile61.jpg', 'Danish Ali','2008-09-08', 'danish.ali61@election.gov.pk', '$2y$10$hash61', 'active', 1),
('profile62.jpg', 'Minal Khan','2008-09-08', 'minal.khan62@election.gov.pk', '$2y$10$hash62', 'inactive', 1),
('profile63.jpg', 'Muneeb Butt','2008-09-08', 'muneeb.butt63@election.gov.pk', '$2y$10$hash63', 'active', 1),
('profile64.jpg', 'Amar Khan','2008-09-08', 'amar.khan64@election.gov.pk', '$2y$10$hash64', 'active', 1),
('profile65.jpg', 'Asim Azhar','2008-09-08', 'asim.azhar65@election.gov.pk', '$2y$10$hash65', 'active', 1),
('profile66.jpg', 'Hira Mani','2008-09-08', 'hira.mani66@election.gov.pk', '$2y$10$hash66', 'active', 1),
('profile67.jpg', 'Shahzad Sheikh','2008-09-08', 'shahzad.sheikh67@election.gov.pk', '$2y$10$hash67', 'suspended', 1),
('profile68.jpg', 'Saboor Aly','2000-09-08', 'saboor.aly68@election.gov.pk', '$2y$10$hash68', 'active', 1),
('profile69.jpg', 'Ahmed Ali','2000-09-08', 'ahmed.ali69@election.gov.pk', '$2y$10$hash69', 'active', 1),
('profile70.jpg', 'Urwa Hocane','2000-09-08', 'urwa.hocane70@election.gov.pk', '$2y$10$hash70', 'active', 1),
('profile71.jpg', 'Farhan Saeed','2000-09-08', 'farhan.saeed71@election.gov.pk', '$2y$10$hash71', 'active', 1),
('profile72.jpg', 'Mawra Hocane','2000-09-08', 'mawra.hocane72@election.gov.pk', '$2y$10$hash72', 'inactive', 1),
('profile73.jpg', 'Ali Rehman','2000-09-08', 'ali.rehman73@election.gov.pk', '$2y$10$hash73', 'active', 1),
('profile74.jpg', 'Kubra Khan','2000-09-08', 'kubra.khan74@election.gov.pk', '$2y$10$hash74', 'active', 1),
('profile75.jpg', 'Sheheryar Munawar','2000-09-08', 'sheheryar.munawar75@election.gov.pk', '$2y$10$hash75', 'active', 1),
('profile76.jpg', 'Syra Yousuf','2000-09-08', 'syra.yousuf76@election.gov.pk', '$2y$10$hash76', 'active', 1),
('profile77.jpg', 'Mikaal Zulfiqar','2008-09-08', 'mikaal.zulfiqar77@election.gov.pk', '$2y$10$hash77', 'suspended', 1),
('profile78.jpg', 'Sarwat Gilani','2008-09-08', 'sarwat.gilani78@election.gov.pk', '$2y$10$hash78', 'active', 1),
('profile79.jpg', 'Junaid Khan','2008-09-08', 'junaid.khan79@election.gov.pk', '$2y$10$hash79', 'active', 1),
('profile80.jpg', 'Armeena Khan','2008-09-08', 'armeena.khan80@election.gov.pk', '$2y$10$hash80', 'active', 1),
('profile81.jpg', 'Azfar Rehman','2008-09-08', 'azfar.rehman81@election.gov.pk', '$2y$10$hash81', 'active', 1),
('profile82.jpg', 'Sanam Jung','2008-09-08', 'sanam.jung82@election.gov.pk', '$2y$10$hash82', 'inactive', 1),
('profile83.jpg', 'Sami Khan','2008-09-08', 'sami.khan83@election.gov.pk', '$2y$10$hash83', 'active', 1),
('profile84.jpg', 'Mehwish Hayat','2001-09-08', 'mehwish.hayat84@election.gov.pk', '$2y$10$hash84', 'active', 1),
('profile85.jpg', 'Gohar Rasheed','2001-09-08', 'gohar.rasheed85@election.gov.pk', '$2y$10$hash85', 'active', 1),
('profile86.jpg', 'Hareem Farooq','2001-09-08', 'hareem.farooq86@election.gov.pk', '$2y$10$hash86', 'active', 1),
('profile87.jpg', 'Yasir Hussain','2001-09-08', 'yasir.hussain87@election.gov.pk', '$2y$10$hash87', 'suspended', 1),
('profile88.jpg', 'Komal Aziz','2001-09-08', 'komal.aziz88@election.gov.pk', '$2y$10$hash88', 'active', 1),
('profile89.jpg', 'Noman Ijaz','2001-09-08', 'noman.ijaz89@election.gov.pk', '$2y$10$hash89', 'active', 1),
('profile90.jpg', 'Saba Qamar','2001-09-08', 'saba.qamar90@election.gov.pk', '$2y$10$hash90', 'active', 1),
('profile91.jpg', 'Nauman Masood','2001-09-08', 'nauman.masood91@election.gov.pk', '$2y$10$hash91', 'active', 1),
('profile92.jpg', 'Sanam Saeed','2001-09-08', 'sanam.saeed92@election.gov.pk', '$2y$10$hash92', 'inactive', 1),
('profile93.jpg', 'Shehroz Sabzwari','2001-09-08', 'shehroz.sabzwari93@election.gov.pk', '$2y$10$hash93', 'active', 1),
('profile94.jpg', 'Sohai Ali','2001-09-08', 'sohai.ali94@election.gov.pk', '$2y$10$hash94', 'active', 1),
('profile95.jpg', 'Yasir Nawaz','2008-09-08', 'yasir.nawaz95@election.gov.pk', '$2y$10$hash95', 'active', 1),
('profile96.jpg', 'Nida Yasir','2008-09-08', 'nida.yasir96@election.gov.pk', '$2y$10$hash96', 'active', 1),
('profile97.jpg', 'Shamoon Abbasi','2008-09-08', 'shamoon.abbasi97@election.gov.pk', '$2y$10$hash97', 'suspended', 1),
('profile98.jpg', 'Humaima Malick','2010-09-08', 'humaima.malick98@election.gov.pk', '$2y$10$hash98', 'active', 1),
('profile99.jpg', 'Shaan Shahid','2010-09-08', 'shaan.shahid99@election.gov.pk', '$2y$10$hash99', 'active', 1),
('profile100.jpg', 'Reema Khan','2010-09-08', 'reema.khan100@election.gov.pk', '$2y$10$hash100', 'active', 1);

-- =====================================================
-- TABLE 2: USERS (100 Records)    *
-- =====================================================

INSERT INTO users (first_name, last_name, cnic_number, email, status, created_by) VALUES
('Muhammad', 'Hassan', '42101-1234567-1', 'muhammad.hassan@email.com', 'active', 1),
('Aisha', 'Siddique', '42101-1234568-2', 'aisha.siddique@email.com', 'active', 1),
('Ali', 'Raza', '42101-1234569-3', 'ali.raza@email.com', 'active', 1),
('Fatima', 'Malik', '42101-1234570-4', 'fatima.malik@email.com', 'inactive', 1),
('Usman', 'Khan', '42101-1234571-5', 'usman.khan@email.com', 'active', 1),
('Zainab', 'Ahmed', '42101-1234572-6', 'zainab.ahmed@email.com', 'active', 1),
('Hassan', 'Ali', '42101-1234573-7', 'hassan.ali@email.com', 'suspended', 1),
('Maryam', 'Nawaz', '42101-1234574-8', 'maryam.nawaz@email.com', 'active', 1),
('Ahmed', 'Bilal', '42101-1234575-9', 'ahmed.bilal@email.com', 'active', 1),
('Sara', 'Iqbal', '42101-1234576-0', 'sara.iqbal@email.com', 'active', 1),
('Kamran', 'Sheikh', '42101-2234567-1', 'kamran.sheikh@email.com', 'active', 1),
('Hira', 'Tariq', '42101-2234568-2', 'hira.tariq@email.com', 'inactive', 1),
('Faisal', 'Aslam', '42101-2234569-3', 'faisal.aslam@email.com', 'active', 1),
('Nida', 'Mahmood', '42101-2234570-4', 'nida.mahmood@email.com', 'active', 1),
('Imran', 'Nadeem', '42101-2234571-5', 'imran.nadeem@email.com', 'active', 1),
('Rabia', 'Javed', '42101-2234572-6', 'rabia.javed@email.com', 'active', 1),
('Tariq', 'Aziz', '42101-2234573-7', 'tariq.aziz@email.com', 'suspended', 1),
('Sadia', 'Jamil', '42101-2234574-8', 'sadia.jamil@email.com', 'active', 1),
('Wasim', 'Bashir', '42101-2234575-9', 'wasim.bashir@email.com', 'active', 1),
('Amina', 'Akram', '42101-2234576-0', 'amina.akram@email.com', 'active', 1),
('Shahid', 'Butt', '42101-3234567-1', 'shahid.butt@email.com', 'active', 1),
('Kiran', 'Abbas', '42101-3234568-2', 'kiran.abbas@email.com', 'inactive', 1),
('Nadeem', 'Noor', '42101-3234569-3', 'nadeem.noor@email.com', 'active', 1),
('Saima', 'Amin', '42101-3234570-4', 'saima.amin@email.com', 'active', 1),
('Asad', 'Arshad', '42101-3234571-5', 'asad.arshad@email.com', 'active', 1),
('Mehwish', 'Safdar', '42101-3234572-6', 'mehwish.safdar@email.com', 'active', 1),
('Rizwan', 'Akhtar', '42101-3234573-7', 'rizwan.akhtar@email.com', 'suspended', 1),
('Bushra', 'Iftikhar', '42101-3234574-8', 'bushra.iftikhar@email.com', 'active', 1),
('Shoaib', 'Taimoor', '42101-3234575-9', 'shoaib.taimoor@email.com', 'active', 1),
('Humaira', 'Baloch', '42101-3234576-0', 'humaira.baloch@email.com', 'active', 1),
('Junaid', 'Roy', '42101-4234567-1', 'junaid.roy@email.com', 'active', 1),
('Nadia', 'Mustafa', '42101-4234568-2', 'nadia.mustafa@email.com', 'inactive', 1),
('Omer', 'Azeem', '42101-4234569-3', 'omer.azeem@email.com', 'active', 1),
('Farah', 'Muneer', '42101-4234570-4', 'farah.muneer123@email.com', 'active', 1),
('Hamza', 'Saeed', '42101-4234571-5', 'hamza.saeed123@email.com', 'active', 1),
('Sara', 'Aly', '42101-4234572-6', 'sara.aly@email.com', 'active', 1),
('Danish', 'Siddiqui', '42101-4234573-7', 'danish.siddiqui@email.com', 'suspended', 1),
('Mahnoor', 'Ali', '42101-4234574-8', 'mahnoor.ali@email.com', 'active', 1),
('Shehzad', 'Aamir', '42101-4234575-9', 'shehzad.aamir@email.com', 'active', 1),
('Aiman', 'Zaidi', '42101-4234576-0', 'aiman.zaidi@email.com', 'active', 1),
('Fahad', 'Khalid', '42101-5234567-1', 'fahad.khalid@email.com', 'active', 1),
('Iqra', 'Shah', '42101-5234568-2', 'iqra.shah@email.com', 'inactive', 1),
('Ahsan', 'Ashraf', '42101-5234569-3', 'ahsan.ashraf@email.com', 'active', 1),
('Neelam', 'Butt', '42101-5234570-4', 'neelam.butt@email.com', 'active', 1),
('Fawad', 'Azhar', '42101-5234571-5', 'fawad.azhar@email.com', 'active', 1),
('Mahira', 'Mani', '42101-5234572-6', 'mahira.mani@email.com', 'active', 1),
('Humayun', 'Sheikh', '42101-5234573-7', 'humayun.sheikh@email.com', 'suspended', 1),
('Sajal', 'Hocane', '42101-5234574-8', 'sajal.hocane@email.com', 'active', 1),
('Adnan', 'Saeed', '42101-5234575-9', 'adnan.saeed@email.com', 'active', 1),
('Maya', 'Rehman', '42101-5234576-0', 'maya.rehman@email.com', 'active', 1),
('Feroze', 'Munawar', '42201-1234567-1', 'feroze.munawar@email.com', 'active', 1),
('Hania', 'Yousuf', '42201-1234568-2', 'hania.yousuf@email.com', 'inactive', 1),
('Bilal', 'Zulfiqar', '42201-1234569-3', 'bilal.zulfiqar@email.com', 'active', 1),
('Yumna', 'Gilani', '42201-1234570-4', 'yumna.gilani@email.com', 'active', 1),
('Osman', 'Rasheed', '42201-1234571-5', 'osman.rasheed@email.com', 'active', 1),
('Alizeh', 'Jung', '42201-1234572-6', 'alizeh.jung@email.com', 'active', 1),
('Wahaj', 'Hayat', '42201-1234573-7', 'wahaj.hayat@email.com', 'suspended', 1),
('Ramsha', 'Farooq', '42201-1234574-8', 'ramsha.farooq@email.com', 'active', 1),
('Imran', 'Hussain', '42201-1234575-9', 'imran.hussain@email.com', 'active', 1),
('Ayeza', 'Qamar', '42201-1234576-0', 'ayeza.qamar@email.com', 'active', 1),
('Danish', 'Masood', '42201-2234567-1', 'danish.masood@email.com', 'active', 1),
('Minal', 'Sabzwari', '42201-2234568-2', 'minal.sabzwari@email.com', 'inactive', 1),
('Muneeb', 'Nawaz', '42201-2234569-3', 'muneeb.nawaz@email.com', 'active', 1),
('Amar', 'Abbasi', '42201-2234570-4', 'amar.abbasi@email.com', 'active', 1),
('Asim', 'Malick', '42201-2234571-5', 'asim.malick@email.com', 'active', 1),
('Hira', 'Shahid', '42201-2234572-6', 'hira.shahid@email.com', 'active', 1),
('Shahzad', 'Ijaz', '42201-2234573-7', 'shahzad.ijaz@email.com', 'suspended', 1),
('Saboor', 'Ahmed', '42201-2234574-8', 'saboor.ahmed@email.com', 'active', 1),
('Ahmed', 'Raza', '42201-2234575-9', 'ahmed.raza@email.com', 'active', 1),
('Urwa', 'Malik', '42201-2234576-0', 'urwa.malik@email.com', 'active', 1),
('Farhan', 'Ali', '42201-3234567-1', 'farhan.ali@email.com', 'active', 1),
('Mawra', 'Siddique', '42201-3234568-2', 'mawra.siddique@email.com', 'inactive', 1),
('Ali', 'Hassan', '42201-3234569-3', 'ali.hassan@email.com', 'active', 1),
('Kubra', 'Iqbal', '42201-3234570-4', 'kubra.iqbal@email.com', 'active', 1),
('Sheheryar', 'Sheikh', '42201-3234571-5', 'sheheryar.sheikh@email.com', 'active', 1),
('Syra', 'Tariq', '42201-3234572-6', 'syra.tariq@email.com', 'active', 1),
('Mikaal', 'Aslam', '42201-3234573-7', 'mikaal.aslam@email.com', 'suspended', 1),
('Sarwat', 'Mahmood', '42201-3234574-8', 'sarwat.mahmood@email.com', 'active', 1),
('Junaid', 'Abbasi', '42201-3234575-9', 'junaid.abbasi@email.com', 'active', 1),
('Nadia', 'Iftikhar', '42201-3234576-0', 'nadia.iftikhar@email.com', 'active', 1),
('Omer', 'Aziz', '42201-4234567-1', 'omer.aziz@email.com', 'active', 1),
('Farah', 'Muneer', '42201-4234568-2', 'farah.muneer2@email.com', 'inactive', 1),
('Hamza', 'Saeed', '42201-4234569-3', 'hamza.saeed2@email.com', 'active', 1),
('Sara', 'Aly', '42201-4234570-4', 'sara.aly2@email.com', 'active', 1),
('Danish', 'Siddiqui', '42201-4234571-5', 'danish.siddiqui2@email.com', 'active', 1),
('Mahnoor', 'Ali', '42201-4234572-6', 'mahnoor.ali2@email.com', 'suspended', 1),
('Shehzad', 'Aamir', '42201-4234573-7', 'shehzad.aamir2@email.com', 'active', 1),
('Aiman', 'Zaidi', '42201-4234574-8', 'aiman.zaidi2@email.com', 'active', 1),
('Fahad', 'Khalid', '42201-4234575-9', 'fahad.khalid2@email.com', 'active', 1),
('Iqra', 'Shah', '42201-4234576-0', 'iqra.shah2@email.com', 'inactive', 1),
('Ahsan', 'Ashraf', '42201-5234567-1', 'ahsan.ashraf2@email.com', 'active', 1),
('Neelam', 'Butt', '42201-5234568-2', 'neelam.butt2@email.com', 'active', 1),
('Fawad', 'Azhar', '42201-5234569-3', 'fawad.azhar2@email.com', 'active', 1),
('Mahira', 'Mani', '42201-5234570-4', 'mahira.mani2@email.com', 'active', 1),
('Humayun', 'Sheikh', '42201-5234571-5', 'humayun.sheikh2@email.com', 'suspended', 1),
('Sajal', 'Hocane', '42201-5234572-6', 'sajal.hocane2@email.com', 'active', 1),
('Adnan', 'Saeed', '42201-5234573-7', 'adnan.saeed2@email.com', 'active', 1),
('Maya', 'Rehman', '42201-5234574-8', 'maya.rehman2@email.com', 'active', 1),
('Feroze', 'Munawar', '42201-5234575-9', 'feroze.munawar2@email.com', 'active', 1),
('Hania', 'Yousuf', '42201-5234576-0', 'hania.yousuf2@email.com', 'active', 1);

-- =====================================================
-- TABLE 3: ROLES (100 Records) *
-- =====================================================

INSERT INTO roles (role_name, description) VALUES
('Admin','Create Election Commissioner and montoring all activities'), 
('ElectionCommissioner','Manage Election'),
('PollingOfficer','Approve voter and handle polling station'),
('Candidate','Create Voter and montoring all activities'),
('ElectionAgent','Monitoring own candidate polling stations activities'),
('Voter','Only vote in polling station'),
('RegionalManager', 'Oversees regional election activities'),
('DistrictCoordinator', 'Coordinates activities at the district level'),
('SecurityOfficer', 'Ensures security at polling stations'),
('DataEntryOperator', 'Enters and verifies voter data'),
('PublicRelationsOfficer', 'Handles communication with the public'),
('LegalAdvisor', 'Provides legal guidance on election matters'),
('ITSpecialist', 'Maintains election-related IT infrastructure'),
('LogisticsManager', 'Manages the distribution of election materials'),
('TrainingCoordinator', 'Organizes training for election staff'),
('Observer', 'Monitors the election process for fairness'),
('MediaLiaison', 'Coordinates with media outlets'),
('FinanceOfficer', 'Manages election budgets and expenses'),
('ComplaintHandler', 'Processes and resolves election complaints'),
('AuditSpecialist', 'Performs audits of election processes'),
('VoterEducator', 'Educates the public on voting procedures'),
('FieldSupervisor', 'Supervises field operations'),
('WarehouseManager', 'Manages storage of election equipment'),
('TransportOfficer', 'Coordinates transportation for staff and materials'),
('CallCenterAgent', 'Responds to public inquiries via phone'),
('WebDeveloper', 'Maintains the official election website'),
('DatabaseAdministrator', 'Manages election databases'),
('NetworkEngineer', 'Ensures network connectivity for election offices'),
('ProcurementOfficer', 'Handles purchasing of election supplies'),
('HumanResourcesManager', 'Manages election staff recruitment and payroll'),
('PolicyAnalyst', 'Analyzes election policies and regulations'),
('Statistician', 'Analyzes election data and trends'),
('Archivist', 'Maintains records of past elections'),
('Translator', 'Translates election materials into various languages'),
('GraphicDesigner', 'Creates visual materials for voter education'),
('SocialMediaManager', 'Manages election presence on social platforms'),
('TechnicalSupport', 'Provides technical assistance to staff'),
('QualityAssurance', 'Ensures the quality of election processes'),
('RiskManager', 'Identifies and mitigates election-related risks'),
('ComplianceOfficer', 'Ensures adherence to election laws'),
('ProjectManager', 'Oversees specific election projects'),
('Researcher', 'Conducts research on election-related topics'),
('Librarian', 'Manages the election commission library'),
('Receptionist', 'Greets visitors at election offices'),
('Secretary', 'Provides administrative support to senior staff'),
('Driver', 'Transports staff and materials'),
('SecurityGuard', 'Provides physical security for offices'),
('MaintenanceWorker', 'Maintains election office facilities'),
('Janitor', 'Cleans election office premises'),
('Courier', 'Delivers election-related documents'),
('InventoryClerk', 'Tracks election equipment and supplies'),
('PayrollClerk', 'Processes staff salaries'),
('AccountsPayable', 'Handles payments to vendors'),
('AccountsReceivable', 'Manages incoming funds'),
('InternalAuditor', 'Reviews internal controls and procedures'),
('ExternalAuditor', 'Performs independent audits'),
('SystemsAnalyst', 'Analyzes and improves election systems'),
('SoftwareEngineer', 'Develops election-related software'),
('HardwareTechnician', 'Repairs and maintains election hardware'),
('CybersecurityAnalyst', 'Protects election systems from cyber threats'),
('DataScientist', 'Extracts insights from election data'),
('GISSpecialist', 'Manages geographic information for elections'),
('MappingTechnician', 'Creates maps for election districts'),
('Surveyor', 'Conducts surveys related to elections'),
('Pollster', 'Measures public opinion on election issues'),
('MediaAnalyst', 'Monitors media coverage of elections'),
('Speechwriter', 'Drafts speeches for election officials'),
('EventPlanner', 'Organizes election-related events'),
('Photographer', 'Documents election activities visually'),
('Videographer', 'Records election events on video'),
('Editor', 'Edits election-related publications'),
('Proofreader', 'Checks election materials for errors'),
('ContentWriter', 'Creates content for voter education'),
('Copywriter', 'Writes promotional materials for elections'),
('MarketingSpecialist', 'Promotes voter participation'),
('BrandManager', 'Manages the election commission brand'),
('CustomerService', 'Assists voters with inquiries'),
('HelpDeskSupport', 'Provides technical help to voters'),
('TrainingAssistant', 'Supports training coordinators'),
('LogisticsAssistant', 'Supports logistics managers'),
('AdministrativeAssistant', 'Provides general office support'),
('ExecutiveAssistant', 'Supports senior election officials'),
('OfficeManager', 'Oversees daily office operations'),
('OperationsManager', 'Manages election operations'),
('GeneralManager', 'Oversees all election commission activities'),
('Director', 'Heads a specific department'),
('DeputyDirector', 'Assists the department head'),
('AssistantDirector', 'Supports the deputy director'),
('SectionHead', 'Manages a specific section'),
('TeamLeader', 'Leads a small team of staff'),
('Supervisor', 'Oversees the work of several employees'),
('Coordinator', 'Coordinates specific activities'),
('Specialist', 'Provides expertise in a particular area'),
('Consultant', 'Provides expert advice on elections'),
('Advisor', 'Offers guidance to election officials'),
('LiaisonOfficer', 'Facilitates communication between groups'),
('Representative', 'Acts on behalf of the commission'),
('Ambassador', 'Promotes the commission externally'),
('Volunteer', 'Assists with election activities'),
('Intern', 'Gains experience in election management');

-- =====================================================
-- TABLE 4: USER_ROLES (100 Records) *
-- =====================================================

INSERT INTO user_roles (user_id, role_id) VALUES 
(1,1),
(2,2),
(3,3),
(4,4),
(5,5),
(6,6),
(7,1),
(8,2),
(9,3),
(10,4),
(11,5),
(12,6),
(13,1),
(14,2),
(15,3),
(16,4),
(17,5),
(18,6),
(19,1),
(20,2),
(21,3),
(22,4),
(23,5),
(24,6),
(25,1),
(26,2),
(27,3),
(28,4),
(29,5),
(30,6),
(31,1),
(32,2),
(33,3),
(34,4),
(35,5),
(36,6),
(37,1),
(38,2),
(39,3),
(40,4),
(41,5),
(42,6),
(43,1),
(44,2),
(45,3),
(46,4),
(47,5),
(48,6),
(49,1),
(50,2),
(51,3),
(52,4),
(53,5),
(54,6),
(55,1),
(56,2),
(57,3),
(58,4),
(59,5),
(60,6),
(61,1),
(62,2),
(63,3),
(64,4),
(65,5),
(66,6),
(67,1),
(68,2),
(69,3),
(70,4),
(71,5),
(72,6),
(73,1),
(74,2),
(75,3),
(76,4),
(77,5),
(78,6),
(79,1),
(80,2),
(81,3),
(82,4),
(83,5),
(84,6),
(85,1),
(86,2),
(87,3),
(88,4),
(89,5),
(90,6),
(91,1),
(92,2),
(93,3),
(94,4),
(95,5),
(96,6),
(97,1),
(98,2),
(99,3),
(100,4);


-- =====================================================
-- TABLE 7: Cities (100 Records)
-- =====================================================

INSERT INTO cities (city_name, province) VALUES
('Karachi','Sindh'),
('Lahore','Punjab'),
('Islamabad','Islamabad Capital Territory'),
('Rawalpindi','Punjab'),
('Faisalabad','Punjab'),
('Multan','Punjab'),
('Gujranwala','Punjab'),
('Sialkot','Punjab'),
('Bahawalpur','Punjab'),
('Sargodha','Punjab'),
('Sheikhupura','Punjab'),
('Rahim Yar Khan','Punjab'),
('Kasur','Punjab'),
('Okara','Punjab'),
('Jhelum','Punjab'),
('Attock','Punjab'),
('Mianwali','Punjab'),
('Bhakkar','Punjab'),
('Chiniot','Punjab'),
('Hafizabad','Punjab'),
('Hyderabad','Sindh'),
('Sukkur','Sindh'),
('Larkana','Sindh'),
('Nawabshah','Sindh'),
('Mirpurkhas','Sindh'),
('Thatta','Sindh'),
('Badin','Sindh'),
('Jacobabad','Sindh'),
('Khairpur','Sindh'),
('Dadu','Sindh'),
('Peshawar','Khyber Pakhtunkhwa'),
('Mardan','Khyber Pakhtunkhwa'),
('Abbottabad','Khyber Pakhtunkhwa'),
('Swat','Khyber Pakhtunkhwa'),
('Charsadda','Khyber Pakhtunkhwa'),
('Nowshera','Khyber Pakhtunkhwa'),
('Kohat','Khyber Pakhtunkhwa'),
('Mansehra','Khyber Pakhtunkhwa'),
('Bannu','Khyber Pakhtunkhwa'),
('Dera Ismail Khan','Khyber Pakhtunkhwa'),
('Quetta','Balochistan'),
('Gwadar','Balochistan'),
('Turbat','Balochistan'),
('Khuzdar','Balochistan'),
('Chaman','Balochistan'),
('Zhob','Balochistan'),
('Sibi','Balochistan'),
('Loralai','Balochistan'),
('Panjgur','Balochistan'),
('Kalat','Balochistan'),
('Gilgit','Gilgit-Baltistan'),
('Skardu','Gilgit-Baltistan'),
('Hunza','Gilgit-Baltistan'),
('Diamer','Gilgit-Baltistan'),
('Ghanche','Gilgit-Baltistan'),
('Astore','Gilgit-Baltistan'),
('Nagar','Gilgit-Baltistan'),
('Shigar','Gilgit-Baltistan'),
('Kharmang','Gilgit-Baltistan'),
('Ghizer','Gilgit-Baltistan'),
('Muzaffarabad','Azad Jammu & Kashmir'),
('Mirpur','Azad Jammu & Kashmir'),
('Kotli','Azad Jammu & Kashmir'),
('Bhimber','Azad Jammu & Kashmir'),
('Rawalakot','Azad Jammu & Kashmir'),
('Bagh','Azad Jammu & Kashmir'),
('Hattian Bala','Azad Jammu & Kashmir'),
('Neelum','Azad Jammu & Kashmir'),
('Sudhanoti','Azad Jammu & Kashmir'),
('Haveli','Azad Jammu & Kashmir'),
('Taxila','Punjab'),
('Wah Cantt','Punjab'),
('Murree','Punjab'),
('Khanewal','Punjab'),
('Vehari','Punjab'),
('Lodhran','Punjab'),
('Pakpattan','Punjab'),
('Narowal','Punjab'),
('Toba Tek Singh','Punjab'),
('Jhang','Punjab'),
('Umerkot','Sindh'),
('Shikarpur','Sindh'),
('Ghotki','Sindh'),
('Tando Adam','Sindh'),
('Tando Allahyar','Sindh'),
('Karak', 'Khyber Pakhtunkhwa'),
('Hangu', 'Khyber Pakhtunkhwa'),
('Lakki Marwat', 'Khyber Pakhtunkhwa'),
('Tank', 'Khyber Pakhtunkhwa'),
('Malakand', 'Khyber Pakhtunkhwa'),
('Shangla', 'Khyber Pakhtunkhwa'),
('Buner', 'Khyber Pakhtunkhwa'),
('Upper Dir', 'Khyber Pakhtunkhwa'),
('Lower Dir', 'Khyber Pakhtunkhwa'),
('Chitral', 'Khyber Pakhtunkhwa'),
('Kohistan', 'Khyber Pakhtunkhwa'),
('Battagram', 'Khyber Pakhtunkhwa'),
('Torghar', 'Khyber Pakhtunkhwa'),
('Pishin', 'Balochistan'),
('Mastung', 'Balochistan');


-- =====================================================
-- TABLE 8: Districts (100 Records)
-- =====================================================

INSERT INTO districts (district_name, city_id, district_code) VALUES
('Karachi South', 1, 'KHI-S'),
('Karachi East', 1, 'KHI-E'),
('Karachi West', 1, 'KHI-W'),
('Karachi Central', 1, 'KHI-C'),
('Malir', 1, 'KHI-M'),

('Lahore City', 2, 'LHR-C'),
('Lahore Cantt', 2, 'LHR-CT'),
('Model Town', 2, 'LHR-MT'),
('Ravi', 2, 'LHR-R'),
('Shalimar', 2, 'LHR-S'),

('Islamabad East', 3, 'ISB-E'),
('Islamabad West', 3, 'ISB-W'),

('Rawalpindi City', 4, 'RWP-C'),
('Rawalpindi Cantt', 4, 'RWP-CT'),

('Faisalabad City', 5, 'FSD-C'),
('Faisalabad Sadar', 5, 'FSD-S'),

('Multan City', 6, 'MUX-C'),
('Multan Sadar', 6, 'MUX-S'),

('Gujranwala City', 7, 'GUJ-C'),
('Gujranwala Sadar', 7, 'GUJ-S'),

('Sialkot City', 8, 'SKT-C'),
('Sialkot Sadar', 8, 'SKT-S'),

('Bahawalpur City', 9, 'BWP-C'),
('Bahawalpur Sadar', 9, 'BWP-S'),

('Sargodha City', 10, 'SGD-C'),
('Sargodha Sadar', 10, 'SGD-S'),

('Sheikhupura City', 11, 'SHP-C'),
('Sheikhupura Sadar', 11, 'SHP-S'),

('Rahim Yar Khan City', 12, 'RYK-C'),
('Rahim Yar Khan Sadar', 12, 'RYK-S'),

('Kasur City', 13, 'KSR-C'),
('Kasur Sadar', 13, 'KSR-S'),

('Okara City', 14, 'OKR-C'),
('Okara Sadar', 14, 'OKR-S'),

('Jhelum City', 15, 'JLM-C'),
('Jhelum Sadar', 15, 'JLM-S'),

('Hyderabad City', 21, 'HYD-C'),
('Hyderabad Rural', 21, 'HYD-R'),

('Sukkur City', 22, 'SKR-C'),
('Sukkur Sadar', 22, 'SKR-S'),

('Larkana City', 23, 'LKN-C'),
('Larkana Sadar', 23, 'LKN-S'),

('Nawabshah City', 24, 'NWS-C'),
('Nawabshah Sadar', 24, 'NWS-S'),

('Peshawar City', 31, 'PSH-C'),
('Peshawar Sadar', 31, 'PSH-S'),

('Mardan City', 32, 'MRD-C'),
('Mardan Sadar', 32, 'MRD-S'),

('Abbottabad City', 33, 'ABT-C'),
('Abbottabad Sadar', 33, 'ABT-S'),

('Swat Mingora', 34, 'SWT-M'),
('Swat Matta', 34, 'SWT-MT'),

('Quetta City', 41, 'QTA-C'),
('Quetta Sadar', 41, 'QTA-S'),

('Gwadar City', 42, 'GWD-C'),
('Gwadar Port', 42, 'GWD-P'),

('Khuzdar City', 44, 'KZD-C'),
('Khuzdar Sadar', 44, 'KZD-S'),

('Gilgit City', 51, 'GLT-C'),
('Gilgit Sadar', 51, 'GLT-S'),

('Skardu City', 52, 'SKD-C'),
('Skardu Rural', 52, 'SKD-R'),

('Hunza Upper', 53, 'HNZ-U'),
('Hunza Lower', 53, 'HNZ-L'),

('Muzaffarabad City', 61, 'MZD-C'),
('Muzaffarabad Rural', 61, 'MZD-R'),

('Mirpur City', 62, 'MRP-C'),
('Mirpur Rural', 62, 'MRP-R'),

('Kotli City', 63, 'KTL-C'),
('Kotli Sadar', 63, 'KTL-S'),

('Taxila City', 71, 'TXL-C'),
('Taxila Sadar', 71, 'TXL-S'),

('Murree City', 73, 'MRE-C'),
('Murree Hills', 73, 'MRE-H'),

('Khanewal City', 74, 'KNW-C'),
('Khanewal Sadar', 74, 'KNW-S'),

('Vehari City', 75, 'VHR-C'),
('Vehari Sadar', 75, 'VHR-S'),

('Jhang City', 80, 'JHG-C'),
('Jhang Sadar', 80, 'JHG-S'),
('Umerkot City', 81, 'UMK-C'),
('Shikarpur City', 82, 'SKP-C'),
('Ghotki City', 83, 'GHT-C'),
('Tando Adam City', 84, 'TDA-C'),
('Tando Allahyar City', 85, 'TAY-C'),
('Karak City', 86, 'KRK-C'),
('Hangu City', 87, 'HNG-C'),
('Lakki Marwat City', 88, 'LKM-C'),
('Tank City', 89, 'TNK-C'),
('Malakand City', 90, 'MLK-C'),
('Shangla City', 91, 'SGL-C'),
('Buner City', 92, 'BNR-C'),
('Upper Dir City', 93, 'UDR-C'),
('Lower Dir City', 94, 'LDR-C'),
('Chitral City', 95, 'CTR-C'),
('Kohistan City', 96, 'KHS-C'),
('Battagram City', 97, 'BTG-C'),
('Torghar City', 98, 'TRG-C'),
('Pishin City', 99, 'PSN-C'),
('Mastung City', 100, 'MST-C');

-- =====================================================
-- TABLE 10: POLITICAL_PARTIES (100 Records)
-- =====================================================

INSERT INTO political_parties (party_name, party_symbol, founder, party_code) VALUES
('Pakistan Tehreek-e-Insaf', 'Bat', 'Imran Khan', 'PTI'),
('Pakistan Muslim League (N)', 'Tiger', 'Nawaz Sharif', 'PML-N'),
('Pakistan Peoples Party', 'Arrow', 'Zulfikar Ali Bhutto', 'PPP'),
('Muttahida Qaumi Movement', 'Kite', 'Altaf Hussain', 'MQM'),
('Awami National Party', 'Lantern', 'Abdul Wali Khan', 'ANP'),
('Jamaat-e-Islami', 'Scale', 'Abul A''la Maududi', 'JI'),
('Jamiat Ulema-e-Islam (F)', 'Book', 'Fazal-ur-Rehman', 'JUI-F'),
('Pakistan Muslim League (Q)', 'Cycle', 'Chaudhry Shujaat Hussain', 'PML-Q'),
('Balochistan National Party', 'Axe', 'Ataullah Mengal', 'BNP'),
('Pashtunkhwa Milli Awami Party', 'Tree', 'Mahmood Khan Achakzai', 'PMAP'),
('Party 11', 'Symbol 11', 'Founder 11', 'P11'),
('Party 12', 'Symbol 12', 'Founder 12', 'P12'),
('Party 13', 'Symbol 13', 'Founder 13', 'P13'),
('Party 14', 'Symbol 14', 'Founder 14', 'P14'),
('Party 15', 'Symbol 15', 'Founder 15', 'P15'),
('Party 16', 'Symbol 16', 'Founder 16', 'P16'),
('Party 17', 'Symbol 17', 'Founder 17', 'P17'),
('Party 18', 'Symbol 18', 'Founder 18', 'P18'),
('Party 19', 'Symbol 19', 'Founder 19', 'P19'),
('Party 20', 'Symbol 20', 'Founder 20', 'P20'),
('Party 21', 'Symbol 21', 'Founder 21', 'P21'),
('Party 22', 'Symbol 22', 'Founder 22', 'P22'),
('Party 23', 'Symbol 23', 'Founder 23', 'P23'),
('Party 24', 'Symbol 24', 'Founder 24', 'P24'),
('Party 25', 'Symbol 25', 'Founder 25', 'P25'),
('Party 26', 'Symbol 26', 'Founder 26', 'P26'),
('Party 27', 'Symbol 27', 'Founder 27', 'P27'),
('Party 28', 'Symbol 28', 'Founder 28', 'P28'),
('Party 29', 'Symbol 29', 'Founder 29', 'P29'),
('Party 30', 'Symbol 30', 'Founder 30', 'P30'),
('Party 31', 'Symbol 31', 'Founder 31', 'P31'),
('Party 32', 'Symbol 32', 'Founder 32', 'P32'),
('Party 33', 'Symbol 33', 'Founder 33', 'P33'),
('Party 34', 'Symbol 34', 'Founder 34', 'P34'),
('Party 35', 'Symbol 35', 'Founder 35', 'P35'),
('Party 36', 'Symbol 36', 'Founder 36', 'P36'),
('Party 37', 'Symbol 37', 'Founder 37', 'P37'),
('Party 38', 'Symbol 38', 'Founder 38', 'P38'),
('Party 39', 'Symbol 39', 'Founder 39', 'P39'),
('Party 40', 'Symbol 40', 'Founder 40', 'P40'),
('Party 41', 'Symbol 41', 'Founder 41', 'P41'),
('Party 42', 'Symbol 42', 'Founder 42', 'P42'),
('Party 43', 'Symbol 43', 'Founder 43', 'P43'),
('Party 44', 'Symbol 44', 'Founder 44', 'P44'),
('Party 45', 'Symbol 45', 'Founder 45', 'P45'),
('Party 46', 'Symbol 46', 'Founder 46', 'P46'),
('Party 47', 'Symbol 47', 'Founder 47', 'P47'),
('Party 48', 'Symbol 48', 'Founder 48', 'P48'),
('Party 49', 'Symbol 49', 'Founder 49', 'P49'),
('Party 50', 'Symbol 50', 'Founder 50', 'P50'),
('Party 51', 'Symbol 51', 'Founder 51', 'P51'),
('Party 52', 'Symbol 52', 'Founder 52', 'P52'),
('Party 53', 'Symbol 53', 'Founder 53', 'P53'),
('Party 54', 'Symbol 54', 'Founder 54', 'P54'),
('Party 55', 'Symbol 55', 'Founder 55', 'P55'),
('Party 56', 'Symbol 56', 'Founder 56', 'P56'),
('Party 57', 'Symbol 57', 'Founder 57', 'P57'),
('Party 58', 'Symbol 58', 'Founder 58', 'P58'),
('Party 59', 'Symbol 59', 'Founder 59', 'P59'),
('Party 60', 'Symbol 60', 'Founder 60', 'P60'),
('Party 61', 'Symbol 61', 'Founder 61', 'P61'),
('Party 62', 'Symbol 62', 'Founder 62', 'P62'),
('Party 63', 'Symbol 63', 'Founder 63', 'P63'),
('Party 64', 'Symbol 64', 'Founder 64', 'P64'),
('Party 65', 'Symbol 65', 'Founder 65', 'P65'),
('Party 66', 'Symbol 66', 'Founder 66', 'P66'),
('Party 67', 'Symbol 67', 'Founder 67', 'P67'),
('Party 68', 'Symbol 68', 'Founder 68', 'P68'),
('Party 69', 'Symbol 69', 'Founder 69', 'P69'),
('Party 70', 'Symbol 70', 'Founder 70', 'P70'),
('Party 71', 'Symbol 71', 'Founder 71', 'P71'),
('Party 72', 'Symbol 72', 'Founder 72', 'P72'),
('Party 73', 'Symbol 73', 'Founder 73', 'P73'),
('Party 74', 'Symbol 74', 'Founder 74', 'P74'),
('Party 75', 'Symbol 75', 'Founder 75', 'P75'),
('Party 76', 'Symbol 76', 'Founder 76', 'P76'),
('Party 77', 'Symbol 77', 'Founder 77', 'P77'),
('Party 78', 'Symbol 78', 'Founder 78', 'P78'),
('Party 79', 'Symbol 79', 'Founder 79', 'P79'),
('Party 80', 'Symbol 80', 'Founder 80', 'P80'),
('Party 81', 'Symbol 81', 'Founder 81', 'P81'),
('Party 82', 'Symbol 82', 'Founder 82', 'P82'),
('Party 83', 'Symbol 83', 'Founder 83', 'P83'),
('Party 84', 'Symbol 84', 'Founder 84', 'P84'),
('Party 85', 'Symbol 85', 'Founder 85', 'P85'),
('Party 86', 'Symbol 86', 'Founder 86', 'P86'),
('Party 87', 'Symbol 87', 'Founder 87', 'P87'),
('Party 88', 'Symbol 88', 'Founder 88', 'P88'),
('Party 89', 'Symbol 89', 'Founder 89', 'P89'),
('Party 90', 'Symbol 90', 'Founder 90', 'P90'),
('Party 91', 'Symbol 91', 'Founder 91', 'P91'),
('Party 92', 'Symbol 92', 'Founder 92', 'P92'),
('Party 93', 'Symbol 93', 'Founder 93', 'P93'),
('Party 94', 'Symbol 94', 'Founder 94', 'P94'),
('Party 95', 'Symbol 95', 'Founder 95', 'P95'),
('Party 96', 'Symbol 96', 'Founder 96', 'P96'),
('Party 97', 'Symbol 97', 'Founder 97', 'P97'),
('Party 98', 'Symbol 98', 'Founder 98', 'P98'),
('Party 99', 'Symbol 99', 'Founder 99', 'P99'),
('Party 100', 'Symbol 100', 'Founder 100', 'P100');

-- =====================================================
-- TABLE 11: POSITIONS (100 Records)
-- =====================================================

INSERT INTO positions (position_code, position_name, position_level) VALUES
('NA', 'National Assembly', 'national'),
('PA', 'Provincial Assembly', 'provincial'),
('LB', 'Local Body', 'provincial'),
('SEN', 'Senate', 'national'),
('PRES', 'President', 'national'),
('PM', 'Prime Minister', 'national'),
('CM', 'Chief Minister', 'provincial'),
('GOV', 'Governor', 'provincial'),
('MAY', 'Mayor', 'provincial'),
('CHM', 'Chairman', 'provincial'),
('POS11', 'Position 11', 'national'),
('POS12', 'Position 12', 'provincial'),
('POS13', 'Position 13', 'national'),
('POS14', 'Position 14', 'provincial'),
('POS15', 'Position 15', 'national'),
('POS16', 'Position 16', 'provincial'),
('POS17', 'Position 17', 'national'),
('POS18', 'Position 18', 'provincial'),
('POS19', 'Position 19', 'national'),
('POS20', 'Position 20', 'provincial'),
('POS21', 'Position 21', 'national'),
('POS22', 'Position 22', 'provincial'),
('POS23', 'Position 23', 'national'),
('POS24', 'Position 24', 'provincial'),
('POS25', 'Position 25', 'national'),
('POS26', 'Position 26', 'provincial'),
('POS27', 'Position 27', 'national'),
('POS28', 'Position 28', 'provincial'),
('POS29', 'Position 29', 'national'),
('POS30', 'Position 30', 'provincial'),
('POS31', 'Position 31', 'national'),
('POS32', 'Position 32', 'provincial'),
('POS33', 'Position 33', 'national'),
('POS34', 'Position 34', 'provincial'),
('POS35', 'Position 35', 'national'),
('POS36', 'Position 36', 'provincial'),
('POS37', 'Position 37', 'national'),
('POS38', 'Position 38', 'provincial'),
('POS39', 'Position 39', 'national'),
('POS40', 'Position 40', 'provincial'),
('POS41', 'Position 41', 'national'),
('POS42', 'Position 42', 'provincial'),
('POS43', 'Position 43', 'national'),
('POS44', 'Position 44', 'provincial'),
('POS45', 'Position 45', 'national'),
('POS46', 'Position 46', 'provincial'),
('POS47', 'Position 47', 'national'),
('POS48', 'Position 48', 'provincial'),
('POS49', 'Position 49', 'national'),
('POS50', 'Position 50', 'provincial'),
('POS51', 'Position 51', 'national'),
('POS52', 'Position 52', 'provincial'),
('POS53', 'Position 53', 'national'),
('POS54', 'Position 54', 'provincial'),
('POS55', 'Position 55', 'national'),
('POS56', 'Position 56', 'provincial'),
('POS57', 'Position 57', 'national'),
('POS58', 'Position 58', 'provincial'),
('POS59', 'Position 59', 'national'),
('POS60', 'Position 60', 'provincial'),
('POS61', 'Position 61', 'national'),
('POS62', 'Position 62', 'provincial'),
('POS63', 'Position 63', 'national'),
('POS64', 'Position 64', 'provincial'),
('POS65', 'Position 65', 'national'),
('POS66', 'Position 66', 'provincial'),
('POS67', 'Position 67', 'national'),
('POS68', 'Position 68', 'provincial'),
('POS69', 'Position 69', 'national'),
('POS70', 'Position 70', 'provincial'),
('POS71', 'Position 71', 'national'),
('POS72', 'Position 72', 'provincial'),
('POS73', 'Position 73', 'national'),
('POS74', 'Position 74', 'provincial'),
('POS75', 'Position 75', 'national'),
('POS76', 'Position 76', 'provincial'),
('POS77', 'Position 77', 'national'),
('POS78', 'Position 78', 'provincial'),
('POS79', 'Position 79', 'national'),
('POS80', 'Position 80', 'provincial'),
('POS81', 'Position 81', 'national'),
('POS82', 'Position 82', 'provincial'),
('POS83', 'Position 83', 'national'),
('POS84', 'Position 84', 'provincial'),
('POS85', 'Position 85', 'national'),
('POS86', 'Position 86', 'provincial'),
('POS87', 'Position 87', 'national'),
('POS88', 'Position 88', 'provincial'),
('POS89', 'Position 89', 'national'),
('POS90', 'Position 90', 'provincial'),
('POS91', 'Position 91', 'national'),
('POS92', 'Position 92', 'provincial'),
('POS93', 'Position 93', 'national'),
('POS94', 'Position 94', 'provincial'),
('POS95', 'Position 95', 'national'),
('POS96', 'Position 96', 'provincial'),
('POS97', 'Position 97', 'national'),
('POS98', 'Position 98', 'provincial'),
('POS99', 'Position 99', 'national'),
('POS100', 'Position 100', 'provincial');

-- =====================================================
-- TABLE 13: DOCUMENT_TYPES (100 Records)
-- =====================================================

INSERT INTO document_types (type_name, type_code, required_for) VALUES
('CNIC', 'DOC-CNIC', 'Voter Registration'),
('Passport', 'DOC-PASS', 'Candidate Nomination'),
('Educational Certificate', 'DOC-EDU', 'Candidate Nomination'),
('Tax Return', 'DOC-TAX', 'Candidate Nomination'),
('Utility Bill', 'DOC-UTIL', 'Address Verification'),
('Domicile', 'DOC-DOM', 'District Verification'),
('Affidavit', 'DOC-AFF', 'Candidate Nomination'),
('Party Ticket', 'DOC-PTK', 'Candidate Nomination'),
('Police Clearance', 'DOC-POL', 'Candidate Nomination'),
('Medical Certificate', 'DOC-MED', 'Candidate Nomination'),
('Doc 11', 'CODE11', 'Requirement 11'),
('Doc 12', 'CODE12', 'Requirement 12'),
('Doc 13', 'CODE13', 'Requirement 13'),
('Doc 14', 'CODE14', 'Requirement 14'),
('Doc 15', 'CODE15', 'Requirement 15'),
('Doc 16', 'CODE16', 'Requirement 16'),
('Doc 17', 'CODE17', 'Requirement 17'),
('Doc 18', 'CODE18', 'Requirement 18'),
('Doc 19', 'CODE19', 'Requirement 19'),
('Doc 20', 'CODE20', 'Requirement 20'),
('Doc 21', 'CODE21', 'Requirement 21'),
('Doc 22', 'CODE22', 'Requirement 22'),
('Doc 23', 'CODE23', 'Requirement 23'),
('Doc 24', 'CODE24', 'Requirement 24'),
('Doc 25', 'CODE25', 'Requirement 25'),
('Doc 26', 'CODE26', 'Requirement 26'),
('Doc 27', 'CODE27', 'Requirement 27'),
('Doc 28', 'CODE28', 'Requirement 28'),
('Doc 29', 'CODE29', 'Requirement 29'),
('Doc 30', 'CODE30', 'Requirement 30'),
('Doc 31', 'CODE31', 'Requirement 31'),
('Doc 32', 'CODE32', 'Requirement 32'),
('Doc 33', 'CODE33', 'Requirement 33'),
('Doc 34', 'CODE34', 'Requirement 34'),
('Doc 35', 'CODE35', 'Requirement 35'),
('Doc 36', 'CODE36', 'Requirement 36'),
('Doc 37', 'CODE37', 'Requirement 37'),
('Doc 38', 'CODE38', 'Requirement 38'),
('Doc 39', 'CODE39', 'Requirement 39'),
('Doc 40', 'CODE40', 'Requirement 40'),
('Doc 41', 'CODE41', 'Requirement 41'),
('Doc 42', 'CODE42', 'Requirement 42'),
('Doc 43', 'CODE43', 'Requirement 43'),
('Doc 44', 'CODE44', 'Requirement 44'),
('Doc 45', 'CODE45', 'Requirement 45'),
('Doc 46', 'CODE46', 'Requirement 46'),
('Doc 47', 'CODE47', 'Requirement 47'),
('Doc 48', 'CODE48', 'Requirement 48'),
('Doc 49', 'CODE49', 'Requirement 49'),
('Doc 50', 'CODE50', 'Requirement 50'),
('Doc 51', 'CODE51', 'Requirement 51'),
('Doc 52', 'CODE52', 'Requirement 52'),
('Doc 53', 'CODE53', 'Requirement 53'),
('Doc 54', 'CODE54', 'Requirement 54'),
('Doc 55', 'CODE55', 'Requirement 55'),
('Doc 56', 'CODE56', 'Requirement 56'),
('Doc 57', 'CODE57', 'Requirement 57'),
('Doc 58', 'CODE58', 'Requirement 58'),
('Doc 59', 'CODE59', 'Requirement 59'),
('Doc 60', 'CODE60', 'Requirement 60'),
('Doc 61', 'CODE61', 'Requirement 61'),
('Doc 62', 'CODE62', 'Requirement 62'),
('Doc 63', 'CODE63', 'Requirement 63'),
('Doc 64', 'CODE64', 'Requirement 64'),
('Doc 65', 'CODE65', 'Requirement 65'),
('Doc 66', 'CODE66', 'Requirement 66'),
('Doc 67', 'CODE67', 'Requirement 67'),
('Doc 68', 'CODE68', 'Requirement 68'),
('Doc 69', 'CODE69', 'Requirement 69'),
('Doc 70', 'CODE70', 'Requirement 70'),
('Doc 71', 'CODE71', 'Requirement 71'),
('Doc 72', 'CODE72', 'Requirement 72'),
('Doc 73', 'CODE73', 'Requirement 73'),
('Doc 74', 'CODE74', 'Requirement 74'),
('Doc 75', 'CODE75', 'Requirement 75'),
('Doc 76', 'CODE76', 'Requirement 76'),
('Doc 77', 'CODE77', 'Requirement 77'),
('Doc 78', 'CODE78', 'Requirement 78'),
('Doc 79', 'CODE79', 'Requirement 79'),
('Doc 80', 'CODE80', 'Requirement 80'),
('Doc 81', 'CODE81', 'Requirement 81'),
('Doc 82', 'CODE82', 'Requirement 82'),
('Doc 83', 'CODE83', 'Requirement 83'),
('Doc 84', 'CODE84', 'Requirement 84'),
('Doc 85', 'CODE85', 'Requirement 85'),
('Doc 86', 'CODE86', 'Requirement 86'),
('Doc 87', 'CODE87', 'Requirement 87'),
('Doc 88', 'CODE88', 'Requirement 88'),
('Doc 89', 'CODE89', 'Requirement 89'),
('Doc 90', 'CODE90', 'Requirement 90'),
('Doc 91', 'CODE91', 'Requirement 91'),
('Doc 92', 'CODE92', 'Requirement 92'),
('Doc 93', 'CODE93', 'Requirement 93'),
('Doc 94', 'CODE94', 'Requirement 94'),
('Doc 95', 'CODE95', 'Requirement 95'),
('Doc 96', 'CODE96', 'Requirement 96'),
('Doc 97', 'CODE97', 'Requirement 97'),
('Doc 98', 'CODE98', 'Requirement 98'),
('Doc 99', 'CODE99', 'Requirement 99'),
('Doc 100', 'CODE100', 'Requirement 100');

-- =====================================================
-- TABLE 17: COMPLAINT_CATEGORIES (100 Records)
-- =====================================================

INSERT INTO complaint_categories (category_name, category_code) VALUES
('Rigging', 'CAT-RIG'),
('Voter Intimidation', 'CAT-INT'),
('Misuse of Resources', 'CAT-RES'),
('Fake Voting', 'CAT-FAK'),
('Station Closure', 'CAT-CLS'),
('Staff Misconduct', 'CAT-STF'),
('Inaccurate Rolls', 'CAT-ROL'),
('Campaign Violation', 'CAT-CAM'),
('Bribery', 'CAT-BRIB'),
('Violence', 'CAT-VIO'),
('Category 11', 'CAT11'),
('Category 12', 'CAT12'),
('Category 13', 'CAT13'),
('Category 14', 'CAT14'),
('Category 15', 'CAT15'),
('Category 16', 'CAT16'),
('Category 17', 'CAT17'),
('Category 18', 'CAT18'),
('Category 19', 'CAT19'),
('Category 20', 'CAT20'),
('Category 21', 'CAT21'),
('Category 22', 'CAT22'),
('Category 23', 'CAT23'),
('Category 24', 'CAT24'),
('Category 25', 'CAT25'),
('Category 26', 'CAT26'),
('Category 27', 'CAT27'),
('Category 28', 'CAT28'),
('Category 29', 'CAT29'),
('Category 30', 'CAT30'),
('Category 31', 'CAT31'),
('Category 32', 'CAT32'),
('Category 33', 'CAT33'),
('Category 34', 'CAT34'),
('Category 35', 'CAT35'),
('Category 36', 'CAT36'),
('Category 37', 'CAT37'),
('Category 38', 'CAT38'),
('Category 39', 'CAT39'),
('Category 40', 'CAT40'),
('Category 41', 'CAT41'),
('Category 42', 'CAT42'),
('Category 43', 'CAT43'),
('Category 44', 'CAT44'),
('Category 45', 'CAT45'),
('Category 46', 'CAT46'),
('Category 47', 'CAT47'),
('Category 48', 'CAT48'),
('Category 49', 'CAT49'),
('Category 50', 'CAT50'),
('Category 51', 'CAT51'),
('Category 52', 'CAT52'),
('Category 53', 'CAT53'),
('Category 54', 'CAT54'),
('Category 55', 'CAT55'),
('Category 56', 'CAT56'),
('Category 57', 'CAT57'),
('Category 58', 'CAT58'),
('Category 59', 'CAT59'),
('Category 60', 'CAT60'),
('Category 61', 'CAT61'),
('Category 62', 'CAT62'),
('Category 63', 'CAT63'),
('Category 64', 'CAT64'),
('Category 65', 'CAT65'),
('Category 66', 'CAT66'),
('Category 67', 'CAT67'),
('Category 68', 'CAT68'),
('Category 69', 'CAT69'),
('Category 70', 'CAT70'),
('Category 71', 'CAT71'),
('Category 72', 'CAT72'),
('Category 73', 'CAT73'),
('Category 74', 'CAT74'),
('Category 75', 'CAT75'),
('Category 76', 'CAT76'),
('Category 77', 'CAT77'),
('Category 78', 'CAT78'),
('Category 79', 'CAT79'),
('Category 80', 'CAT80'),
('Category 81', 'CAT81'),
('Category 82', 'CAT82'),
('Category 83', 'CAT83'),
('Category 84', 'CAT84'),
('Category 85', 'CAT85'),
('Category 86', 'CAT86'),
('Category 87', 'CAT87'),
('Category 88', 'CAT88'),
('Category 89', 'CAT89'),
('Category 90', 'CAT90'),
('Category 91', 'CAT91'),
('Category 92', 'CAT92'),
('Category 93', 'CAT93'),
('Category 94', 'CAT94'),
('Category 95', 'CAT95'),
('Category 96', 'CAT96'),
('Category 97', 'CAT97'),
('Category 98', 'CAT98'),
('Category 99', 'CAT99'),
('Category 100', 'CAT100');

-- =====================================================
-- TABLE 24: SYSTEM_SETTINGS (100 Records)
-- =====================================================

INSERT INTO system_settings (setting_key, setting_value) VALUES
('site_name', 'Election Management System'),
('admin_email', 'admin@election.gov.pk'),
('max_voters_per_station', '1000'),
('election_year', '2026'),
('maintenance_mode', 'false'),
('otp_expiry_minutes', '10'),
('max_login_attempts', '5'),
('session_timeout', '3600'),
('default_language', 'English'),
('currency', 'PKR'),
('Setting 11', 'Value 11'),
('Setting 12', 'Value 12'),
('Setting 13', 'Value 13'),
('Setting 14', 'Value 14'),
('Setting 15', 'Value 15'),
('Setting 16', 'Value 16'),
('Setting 17', 'Value 17'),
('Setting 18', 'Value 18'),
('Setting 19', 'Value 19'),
('Setting 20', 'Value 20'),
('Setting 21', 'Value 21'),
('Setting 22', 'Value 22'),
('Setting 23', 'Value 23'),
('Setting 24', 'Value 24'),
('Setting 25', 'Value 25'),
('Setting 26', 'Value 26'),
('Setting 27', 'Value 27'),
('Setting 28', 'Value 28'),
('Setting 29', 'Value 29'),
('Setting 30', 'Value 30'),
('Setting 31', 'Value 31'),
('Setting 32', 'Value 32'),
('Setting 33', 'Value 33'),
('Setting 34', 'Value 34'),
('Setting 35', 'Value 35'),
('Setting 36', 'Value 36'),
('Setting 37', 'Value 37'),
('Setting 38', 'Value 38'),
('Setting 39', 'Value 39'),
('Setting 40', 'Value 40'),
('Setting 41', 'Value 41'),
('Setting 42', 'Value 42'),
('Setting 43', 'Value 43'),
('Setting 44', 'Value 44'),
('Setting 45', 'Value 45'),
('Setting 46', 'Value 46'),
('Setting 47', 'Value 47'),
('Setting 48', 'Value 48'),
('Setting 49', 'Value 49'),
('Setting 50', 'Value 50'),
('Setting 51', 'Value 51'),
('Setting 52', 'Value 52'),
('Setting 53', 'Value 53'),
('Setting 54', 'Value 54'),
('Setting 55', 'Value 55'),
('Setting 56', 'Value 56'),
('Setting 57', 'Value 57'),
('Setting 58', 'Value 58'),
('Setting 59', 'Value 59'),
('Setting 60', 'Value 60'),
('Setting 61', 'Value 61'),
('Setting 62', 'Value 62'),
('Setting 63', 'Value 63'),
('Setting 64', 'Value 64'),
('Setting 65', 'Value 65'),
('Setting 66', 'Value 66'),
('Setting 67', 'Value 67'),
('Setting 68', 'Value 68'),
('Setting 69', 'Value 69'),
('Setting 70', 'Value 70'),
('Setting 71', 'Value 71'),
('Setting 72', 'Value 72'),
('Setting 73', 'Value 73'),
('Setting 74', 'Value 74'),
('Setting 75', 'Value 75'),
('Setting 76', 'Value 76'),
('Setting 77', 'Value 77'),
('Setting 78', 'Value 78'),
('Setting 79', 'Value 79'),
('Setting 80', 'Value 80'),
('Setting 81', 'Value 81'),
('Setting 82', 'Value 82'),
('Setting 83', 'Value 83'),
('Setting 84', 'Value 84'),
('Setting 85', 'Value 85'),
('Setting 86', 'Value 86'),
('Setting 87', 'Value 87'),
('Setting 88', 'Value 88'),
('Setting 89', 'Value 89'),
('Setting 90', 'Value 90'),
('Setting 91', 'Value 91'),
('Setting 92', 'Value 92'),
('Setting 93', 'Value 93'),
('Setting 94', 'Value 94'),
('Setting 95', 'Value 95'),
('Setting 96', 'Value 96'),
('Setting 97', 'Value 97'),
('Setting 98', 'Value 98'),
('Setting 99', 'Value 99'),
('Setting 100', 'Value 100');

-- =====================================================
-- TABLE 5: ELECTIONS (100 Records)
-- =====================================================

INSERT INTO elections (title, election_code, election_type, start_date, end_date) VALUES
('General Election 2026', 'GE2026', 'general', '2026-02-01', '2026-02-02'),
('Local Body Election Karachi', 'LBE-KHI', 'local', '2026-03-15', '2026-03-16'),
('By-Election NA-245', 'BYE-NA245', 'by-election', '2026-04-10', '2026-04-11'),
('Special Election 01', 'SPEC01', 'special', '2026-05-05', '2026-05-06'),
('Election 5', 'E05', 'general', '2026-06-01', '2026-06-02'),
('Election 6', 'E06', 'general', '2026-07-01', '2026-07-02'),
('Election 7', 'E07', 'general', '2026-08-01', '2026-08-02'),
('Election 8', 'E08', 'general', '2026-09-01', '2026-09-02'),
('Election 9', 'E09', 'general', '2026-10-01', '2026-10-02'),
('Election 10', 'E10', 'general', '2026-11-01', '2026-11-02'),
('Election 11', 'E11', 'general', '2026-12-01', '2026-12-02'),
('Election 12', 'E12', 'general', '2027-01-01', '2027-01-02'),
('Election 13', 'E13', 'general', '2027-02-01', '2027-02-02'),
('Election 14', 'E14', 'general', '2027-03-01', '2027-03-02'),
('Election 15', 'E15', 'general', '2027-04-01', '2027-04-02'),
('Election 16', 'E16', 'general', '2027-05-01', '2027-05-02'),
('Election 17', 'E17', 'general', '2027-06-01', '2027-06-02'),
('Election 18', 'E18', 'general', '2027-07-01', '2027-07-02'),
('Election 19', 'E19', 'general', '2027-08-01', '2027-08-02'),
('Election 20', 'E20', 'general', '2027-09-01', '2027-09-02'),
('Election 21', 'E21', 'general', '2027-10-01', '2027-10-02'),
('Election 22', 'E22', 'general', '2027-11-01', '2027-11-02'),
('Election 23', 'E23', 'general', '2027-12-01', '2027-12-02'),
('Election 24', 'E24', 'general', '2028-01-01', '2028-01-02'),
('Election 25', 'E25', 'general', '2028-02-01', '2028-02-02'),
('Election 26', 'E26', 'general', '2028-03-01', '2028-03-02'),
('Election 27', 'E27', 'general', '2028-04-01', '2028-04-02'),
('Election 28', 'E28', 'general', '2028-05-01', '2028-05-02'),
('Election 29', 'E29', 'general', '2028-06-01', '2028-06-02'),
('Election 30', 'E30', 'general', '2028-07-01', '2028-07-02'),
('Election 31', 'E31', 'general', '2028-08-01', '2028-08-02'),
('Election 32', 'E32', 'general', '2028-09-01', '2028-09-02'),
('Election 33', 'E33', 'general', '2028-10-01', '2028-10-02'),
('Election 34', 'E34', 'general', '2028-11-01', '2028-11-02'),
('Election 35', 'E35', 'general', '2028-12-01', '2028-12-02'),
('Election 36', 'E36', 'general', '2029-01-01', '2029-01-02'),
('Election 37', 'E37', 'general', '2029-02-01', '2029-02-02'),
('Election 38', 'E38', 'general', '2029-03-01', '2029-03-02'),
('Election 39', 'E39', 'general', '2029-04-01', '2029-04-02'),
('Election 40', 'E40', 'general', '2029-05-01', '2029-05-02'),
('Election 41', 'E41', 'general', '2029-06-01', '2029-06-02'),
('Election 42', 'E42', 'general', '2029-07-01', '2029-07-02'),
('Election 43', 'E43', 'general', '2029-08-01', '2029-08-02'),
('Election 44', 'E44', 'general', '2029-09-01', '2029-09-02'),
('Election 45', 'E45', 'general', '2029-10-01', '2029-10-02'),
('Election 46', 'E46', 'general', '2029-11-01', '2029-11-02'),
('Election 47', 'E47', 'general', '2029-12-01', '2029-12-02'),
('Election 48', 'E48', 'general', '2030-01-01', '2030-01-02'),
('Election 49', 'E49', 'general', '2030-02-01', '2030-02-02'),
('Election 50', 'E50', 'general', '2030-03-01', '2030-03-02'),
('Election 51', 'E51', 'general', '2030-04-01', '2030-04-02'),
('Election 52', 'E52', 'general', '2030-05-01', '2030-05-02'),
('Election 53', 'E53', 'general', '2030-06-01', '2030-06-02'),
('Election 54', 'E54', 'general', '2030-07-01', '2030-07-02'),
('Election 55', 'E55', 'general', '2030-08-01', '2030-08-02'),
('Election 56', 'E56', 'general', '2030-09-01', '2030-09-02'),
('Election 57', 'E57', 'general', '2030-10-01', '2030-10-02'),
('Election 58', 'E58', 'general', '2030-11-01', '2030-11-02'),
('Election 59', 'E59', 'general', '2030-12-01', '2030-12-02'),
('Election 60', 'E60', 'general', '2031-01-01', '2031-01-02'),
('Election 61', 'E61', 'general', '2031-02-01', '2031-02-02'),
('Election 62', 'E62', 'general', '2031-03-01', '2031-03-02'),
('Election 63', 'E63', 'general', '2031-04-01', '2031-04-02'),
('Election 64', 'E64', 'general', '2031-05-01', '2031-05-02'),
('Election 65', 'E65', 'general', '2031-06-01', '2031-06-02'),
('Election 66', 'E66', 'general', '2031-07-01', '2031-07-02'),
('Election 67', 'E67', 'general', '2031-08-01', '2031-08-02'),
('Election 68', 'E68', 'general', '2031-09-01', '2031-09-02'),
('Election 69', 'E69', 'general', '2031-10-01', '2031-10-02'),
('Election 70', 'E70', 'general', '2031-11-01', '2031-11-02'),
('Election 71', 'E71', 'general', '2031-12-01', '2031-12-02'),
('Election 72', 'E72', 'general', '2032-01-01', '2032-01-02'),
('Election 73', 'E73', 'general', '2032-02-01', '2032-02-02'),
('Election 74', 'E74', 'general', '2032-03-01', '2032-03-02'),
('Election 75', 'E75', 'general', '2032-04-01', '2032-04-02'),
('Election 76', 'E76', 'general', '2032-05-01', '2032-05-02'),
('Election 77', 'E77', 'general', '2032-06-01', '2032-06-02'),
('Election 78', 'E78', 'general', '2032-07-01', '2032-07-02'),
('Election 79', 'E79', 'general', '2032-08-01', '2032-08-02'),
('Election 80', 'E80', 'general', '2032-09-01', '2032-09-02'),
('Election 81', 'E81', 'general', '2032-10-01', '2032-10-02'),
('Election 82', 'E82', 'general', '2032-11-01', '2032-11-02'),
('Election 83', 'E83', 'general', '2032-12-01', '2032-12-02'),
('Election 84', 'E84', 'general', '2033-01-01', '2033-01-02'),
('Election 85', 'E85', 'general', '2033-02-01', '2033-02-02'),
('Election 86', 'E86', 'general', '2033-03-01', '2033-03-02'),
('Election 87', 'E87', 'general', '2033-04-01', '2033-04-02'),
('Election 88', 'E88', 'general', '2033-05-01', '2033-05-02'),
('Election 89', 'E89', 'general', '2033-06-01', '2033-06-02'),
('Election 90', 'E90', 'general', '2033-07-01', '2033-07-02'),
('Election 91', 'E91', 'general', '2033-08-01', '2033-08-02'),
('Election 92', 'E92', 'general', '2033-09-01', '2033-09-02'),
('Election 93', 'E93', 'general', '2033-10-01', '2033-10-02'),
('Election 94', 'E94', 'general', '2033-11-01', '2033-11-02'),
('Election 95', 'E95', 'general', '2033-12-01', '2033-12-02'),
('Election 96', 'E96', 'general', '2034-01-01', '2034-01-02'),
('Election 97', 'E97', 'general', '2034-02-01', '2034-02-02'),
('Election 98', 'E98', 'general', '2034-03-01', '2034-03-02'),
('Election 99', 'E99', 'general', '2034-04-01', '2034-04-02'),
('Election 100', 'E100', 'general', '2034-05-01', '2034-05-02');

-- =====================================================
-- TABLE 6: ELECTION_COMMISSION (100 Records)
-- =====================================================

INSERT INTO election_commission (user_id, commission_code, designation) VALUES
(1, 'EC001', 'Chief Election Commissioner'),
(2, 'EC002', 'Election Commissioner'),
(3, 'EC003', 'Election Commissioner'),
(4, 'EC004', 'Election Commissioner'),
(5, 'EC005', 'Election Commissioner'),
(6, 'EC006', 'Secretary'),
(7, 'EC007', 'Additional Secretary'),
(8, 'EC008', 'Joint Secretary'),
(9, 'EC009', 'Deputy Secretary'),
(10, 'EC010', 'Assistant Secretary'),
(11, 'EC011', 'Officer 11'),
(12, 'EC012', 'Officer 12'),
(13, 'EC013', 'Officer 13'),
(14, 'EC014', 'Officer 14'),
(15, 'EC015', 'Officer 15'),
(16, 'EC016', 'Officer 16'),
(17, 'EC017', 'Officer 17'),
(18, 'EC018', 'Officer 18'),
(19, 'EC019', 'Officer 19'),
(20, 'EC020', 'Officer 20'),
(21, 'EC021', 'Officer 21'),
(22, 'EC022', 'Officer 22'),
(23, 'EC023', 'Officer 23'),
(24, 'EC024', 'Officer 24'),
(25, 'EC025', 'Officer 25'),
(26, 'EC026', 'Officer 26'),
(27, 'EC027', 'Officer 27'),
(28, 'EC028', 'Officer 28'),
(29, 'EC029', 'Officer 29'),
(30, 'EC030', 'Officer 30'),
(31, 'EC031', 'Officer 31'),
(32, 'EC032', 'Officer 32'),
(33, 'EC033', 'Officer 33'),
(34, 'EC034', 'Officer 34'),
(35, 'EC035', 'Officer 35'),
(36, 'EC036', 'Officer 36'),
(37, 'EC037', 'Officer 37'),
(38, 'EC038', 'Officer 38'),
(39, 'EC039', 'Officer 39'),
(40, 'EC040', 'Officer 40'),
(41, 'EC041', 'Officer 41'),
(42, 'EC042', 'Officer 42'),
(43, 'EC043', 'Officer 43'),
(44, 'EC044', 'Officer 44'),
(45, 'EC045', 'Officer 45'),
(46, 'EC046', 'Officer 46'),
(47, 'EC047', 'Officer 47'),
(48, 'EC048', 'Officer 48'),
(49, 'EC049', 'Officer 49'),
(50, 'EC050', 'Officer 50'),
(51, 'EC051', 'Officer 51'),
(52, 'EC052', 'Officer 52'),
(53, 'EC053', 'Officer 53'),
(54, 'EC054', 'Officer 54'),
(55, 'EC055', 'Officer 55'),
(56, 'EC056', 'Officer 56'),
(57, 'EC057', 'Officer 57'),
(58, 'EC058', 'Officer 58'),
(59, 'EC059', 'Officer 59'),
(60, 'EC060', 'Officer 60'),
(61, 'EC061', 'Officer 61'),
(62, 'EC062', 'Officer 62'),
(63, 'EC063', 'Officer 63'),
(64, 'EC064', 'Officer 64'),
(65, 'EC065', 'Officer 65'),
(66, 'EC066', 'Officer 66'),
(67, 'EC067', 'Officer 67'),
(68, 'EC068', 'Officer 68'),
(69, 'EC069', 'Officer 69'),
(70, 'EC070', 'Officer 70'),
(71, 'EC071', 'Officer 71'),
(72, 'EC072', 'Officer 72'),
(73, 'EC073', 'Officer 73'),
(74, 'EC074', 'Officer 74'),
(75, 'EC075', 'Officer 75'),
(76, 'EC076', 'Officer 76'),
(77, 'EC077', 'Officer 77'),
(78, 'EC078', 'Officer 78'),
(79, 'EC079', 'Officer 79'),
(80, 'EC080', 'Officer 80'),
(81, 'EC081', 'Officer 81'),
(82, 'EC082', 'Officer 82'),
(83, 'EC083', 'Officer 83'),
(84, 'EC084', 'Officer 84'),
(85, 'EC085', 'Officer 85'),
(86, 'EC086', 'Officer 86'),
(87, 'EC087', 'Officer 87'),
(88, 'EC088', 'Officer 88'),
(89, 'EC089', 'Officer 89'),
(90, 'EC090', 'Officer 90'),
(91, 'EC091', 'Officer 91'),
(92, 'EC092', 'Officer 92'),
(93, 'EC093', 'Officer 93'),
(94, 'EC094', 'Officer 94'),
(95, 'EC095', 'Officer 95'),
(96, 'EC096', 'Officer 96'),
(97, 'EC097', 'Officer 97'),
(98, 'EC098', 'Officer 98'),
(99, 'EC099', 'Officer 99'),
(100, 'EC100', 'Officer 100');

-- =====================================================
-- TABLE 19: VOTER_VERIFICATION (100 Records)
-- =====================================================

INSERT INTO voter_verification (user_id, device_id, is_verified) VALUES
(1, 'DEV001', TRUE),
(2, 'DEV002', TRUE),
(3, 'DEV003', TRUE),
(4, 'DEV004', FALSE),
(5, 'DEV005', TRUE),
(6, 'DEV006', TRUE),
(7, 'DEV007', FALSE),
(8, 'DEV008', TRUE),
(9, 'DEV009', TRUE),
(10, 'DEV010', TRUE),
(11, 'DEV011', TRUE),
(12, 'DEV012', TRUE),
(13, 'DEV013', TRUE),
(14, 'DEV014', TRUE),
(15, 'DEV015', TRUE),
(16, 'DEV016', TRUE),
(17, 'DEV017', TRUE),
(18, 'DEV018', TRUE),
(19, 'DEV019', TRUE),
(20, 'DEV020', TRUE),
(21, 'DEV021', TRUE),
(22, 'DEV022', TRUE),
(23, 'DEV023', TRUE),
(24, 'DEV024', TRUE),
(25, 'DEV025', TRUE),
(26, 'DEV026', TRUE),
(27, 'DEV027', TRUE),
(28, 'DEV028', TRUE),
(29, 'DEV029', TRUE),
(30, 'DEV030', TRUE),
(31, 'DEV031', TRUE),
(32, 'DEV032', TRUE),
(33, 'DEV033', TRUE),
(34, 'DEV034', TRUE),
(35, 'DEV035', TRUE),
(36, 'DEV036', TRUE),
(37, 'DEV037', TRUE),
(38, 'DEV038', TRUE),
(39, 'DEV039', TRUE),
(40, 'DEV040', TRUE),
(41, 'DEV041', TRUE),
(42, 'DEV042', TRUE),
(43, 'DEV043', TRUE),
(44, 'DEV044', TRUE),
(45, 'DEV045', TRUE),
(46, 'DEV046', TRUE),
(47, 'DEV047', TRUE),
(48, 'DEV048', TRUE),
(49, 'DEV049', TRUE),
(50, 'DEV050', TRUE),
(51, 'DEV051', TRUE),
(52, 'DEV052', TRUE),
(53, 'DEV053', TRUE),
(54, 'DEV054', TRUE),
(55, 'DEV055', TRUE),
(56, 'DEV056', TRUE),
(57, 'DEV057', TRUE),
(58, 'DEV058', TRUE),
(59, 'DEV059', TRUE),
(60, 'DEV060', TRUE),
(61, 'DEV061', TRUE),
(62, 'DEV062', TRUE),
(63, 'DEV063', TRUE),
(64, 'DEV064', TRUE),
(65, 'DEV065', TRUE),
(66, 'DEV066', TRUE),
(67, 'DEV067', TRUE),
(68, 'DEV068', TRUE),
(69, 'DEV069', TRUE),
(70, 'DEV070', TRUE),
(71, 'DEV071', TRUE),
(72, 'DEV072', TRUE),
(73, 'DEV073', TRUE),
(74, 'DEV074', TRUE),
(75, 'DEV075', TRUE),
(76, 'DEV076', TRUE),
(77, 'DEV077', TRUE),
(78, 'DEV078', TRUE),
(79, 'DEV079', TRUE),
(80, 'DEV080', TRUE),
(81, 'DEV081', TRUE),
(82, 'DEV082', TRUE),
(83, 'DEV083', TRUE),
(84, 'DEV084', TRUE),
(85, 'DEV085', TRUE),
(86, 'DEV086', TRUE),
(87, 'DEV087', TRUE),
(88, 'DEV088', TRUE),
(89, 'DEV089', TRUE),
(90, 'DEV090', TRUE),
(91, 'DEV091', TRUE),
(92, 'DEV092', TRUE),
(93, 'DEV093', TRUE),
(94, 'DEV094', TRUE),
(95, 'DEV095', TRUE),
(96, 'DEV096', TRUE),
(97, 'DEV097', TRUE),
(98, 'DEV098', TRUE),
(99, 'DEV099', TRUE),
(100, 'DEV100', TRUE);

-- =====================================================
-- TABLE 22: AUDIT_LOGS (100 Records)
-- =====================================================

INSERT INTO audit_logs (table_name, action_type, record_id, user_id) VALUES
('users', 'INSERT', 1, 1),
('users', 'UPDATE', 2, 1),
('elections', 'INSERT', 1, 2),
('political_parties', 'INSERT', 1, 1),
('roles', 'UPDATE', 3, 1),
('audit_logs', 'INSERT', 1, 1),
('audit_logs', 'INSERT', 2, 1),
('audit_logs', 'INSERT', 3, 1),
('audit_logs', 'INSERT', 4, 1),
('audit_logs', 'INSERT', 5, 1),
('audit_logs', 'INSERT', 6, 1),
('audit_logs', 'INSERT', 7, 1),
('audit_logs', 'INSERT', 8, 1),
('audit_logs', 'INSERT', 9, 1),
('audit_logs', 'INSERT', 10, 1),
('audit_logs', 'INSERT', 11, 1),
('audit_logs', 'INSERT', 12, 1),
('audit_logs', 'INSERT', 13, 1),
('audit_logs', 'INSERT', 14, 1),
('audit_logs', 'INSERT', 15, 1),
('audit_logs', 'INSERT', 16, 1),
('audit_logs', 'INSERT', 17, 1),
('audit_logs', 'INSERT', 18, 1),
('audit_logs', 'INSERT', 19, 1),
('audit_logs', 'INSERT', 20, 1),
('audit_logs', 'INSERT', 21, 1),
('audit_logs', 'INSERT', 22, 1),
('audit_logs', 'INSERT', 23, 1),
('audit_logs', 'INSERT', 24, 1),
('audit_logs', 'INSERT', 25, 1),
('audit_logs', 'INSERT', 26, 1),
('audit_logs', 'INSERT', 27, 1),
('audit_logs', 'INSERT', 28, 1),
('audit_logs', 'INSERT', 29, 1),
('audit_logs', 'INSERT', 30, 1),
('audit_logs', 'INSERT', 31, 1),
('audit_logs', 'INSERT', 32, 1),
('audit_logs', 'INSERT', 33, 1),
('audit_logs', 'INSERT', 34, 1),
('audit_logs', 'INSERT', 35, 1),
('audit_logs', 'INSERT', 36, 1),
('audit_logs', 'INSERT', 37, 1),
('audit_logs', 'INSERT', 38, 1),
('audit_logs', 'INSERT', 39, 1),
('audit_logs', 'INSERT', 40, 1),
('audit_logs', 'INSERT', 41, 1),
('audit_logs', 'INSERT', 42, 1),
('audit_logs', 'INSERT', 43, 1),
('audit_logs', 'INSERT', 44, 1),
('audit_logs', 'INSERT', 45, 1),
('audit_logs', 'INSERT', 46, 1),
('audit_logs', 'INSERT', 47, 1),
('audit_logs', 'INSERT', 48, 1),
('audit_logs', 'INSERT', 49, 1),
('audit_logs', 'INSERT', 50, 1),
('audit_logs', 'INSERT', 51, 1),
('audit_logs', 'INSERT', 52, 1),
('audit_logs', 'INSERT', 53, 1),
('audit_logs', 'INSERT', 54, 1),
('audit_logs', 'INSERT', 55, 1),
('audit_logs', 'INSERT', 56, 1),
('audit_logs', 'INSERT', 57, 1),
('audit_logs', 'INSERT', 58, 1),
('audit_logs', 'INSERT', 59, 1),
('audit_logs', 'INSERT', 60, 1),
('audit_logs', 'INSERT', 61, 1),
('audit_logs', 'INSERT', 62, 1),
('audit_logs', 'INSERT', 63, 1),
('audit_logs', 'INSERT', 64, 1),
('audit_logs', 'INSERT', 65, 1),
('audit_logs', 'INSERT', 66, 1),
('audit_logs', 'INSERT', 67, 1),
('audit_logs', 'INSERT', 68, 1),
('audit_logs', 'INSERT', 69, 1),
('audit_logs', 'INSERT', 70, 1),
('audit_logs', 'INSERT', 71, 1),
('audit_logs', 'INSERT', 72, 1),
('audit_logs', 'INSERT', 73, 1),
('audit_logs', 'INSERT', 74, 1),
('audit_logs', 'INSERT', 75, 1),
('audit_logs', 'INSERT', 76, 1),
('audit_logs', 'INSERT', 77, 1),
('audit_logs', 'INSERT', 78, 1),
('audit_logs', 'INSERT', 79, 1),
('audit_logs', 'INSERT', 80, 1),
('audit_logs', 'INSERT', 81, 1),
('audit_logs', 'INSERT', 82, 1),
('audit_logs', 'INSERT', 83, 1),
('audit_logs', 'INSERT', 84, 1),
('audit_logs', 'INSERT', 85, 1),
('audit_logs', 'INSERT', 86, 1),
('audit_logs', 'INSERT', 87, 1),
('audit_logs', 'INSERT', 88, 1),
('audit_logs', 'INSERT', 89, 1),
('audit_logs', 'INSERT', 90, 1),
('audit_logs', 'INSERT', 91, 1),
('audit_logs', 'INSERT', 92, 1),
('audit_logs', 'INSERT', 93, 1),
('audit_logs', 'INSERT', 94, 1),
('audit_logs', 'INSERT', 95, 1),
('audit_logs', 'INSERT', 96, 1),
('audit_logs', 'INSERT', 97, 1),
('audit_logs', 'INSERT', 98, 1),
('audit_logs', 'INSERT', 99, 1),
('audit_logs', 'INSERT', 100, 1);

-- =====================================================
-- TABLE 23: NOTIFICATIONS (100 Records)
-- =====================================================

INSERT INTO notifications (user_id, notification_type, title, message) VALUES
(1, 'INFO', 'Welcome', 'Welcome to the Election Management System'),
(2, 'ALERT', 'Election Started', 'The General Election 2026 has started'),
(3, 'INFO', 'Voter Registered', 'You have been successfully registered as a voter'),
(4, 'WARNING', 'Verification Pending', 'Your voter verification is pending'),
(5, 'INFO', 'Notification 5', 'Message 5'),
(6, 'INFO', 'Notification 6', 'Message 6'),
(7, 'INFO', 'Notification 7', 'Message 7'),
(8, 'INFO', 'Notification 8', 'Message 8'),
(9, 'INFO', 'Notification 9', 'Message 9'),
(10, 'INFO', 'Notification 10', 'Message 10'),
(11, 'INFO', 'Notification 11', 'Message 11'),
(12, 'INFO', 'Notification 12', 'Message 12'),
(13, 'INFO', 'Notification 13', 'Message 13'),
(14, 'INFO', 'Notification 14', 'Message 14'),
(15, 'INFO', 'Notification 15', 'Message 15'),
(16, 'INFO', 'Notification 16', 'Message 16'),
(17, 'INFO', 'Notification 17', 'Message 17'),
(18, 'INFO', 'Notification 18', 'Message 18'),
(19, 'INFO', 'Notification 19', 'Message 19'),
(20, 'INFO', 'Notification 20', 'Message 20'),
(21, 'INFO', 'Notification 21', 'Message 21'),
(22, 'INFO', 'Notification 22', 'Message 22'),
(23, 'INFO', 'Notification 23', 'Message 23'),
(24, 'INFO', 'Notification 24', 'Message 24'),
(25, 'INFO', 'Notification 25', 'Message 25'),
(26, 'INFO', 'Notification 26', 'Message 26'),
(27, 'INFO', 'Notification 27', 'Message 27'),
(28, 'INFO', 'Notification 28', 'Message 28'),
(29, 'INFO', 'Notification 29', 'Message 29'),
(30, 'INFO', 'Notification 30', 'Message 30'),
(31, 'INFO', 'Notification 31', 'Message 31'),
(32, 'INFO', 'Notification 32', 'Message 32'),
(33, 'INFO', 'Notification 33', 'Message 33'),
(34, 'INFO', 'Notification 34', 'Message 34'),
(35, 'INFO', 'Notification 35', 'Message 35'),
(36, 'INFO', 'Notification 36', 'Message 36'),
(37, 'INFO', 'Notification 37', 'Message 37'),
(38, 'INFO', 'Notification 38', 'Message 38'),
(39, 'INFO', 'Notification 39', 'Message 39'),
(40, 'INFO', 'Notification 40', 'Message 40'),
(41, 'INFO', 'Notification 41', 'Message 41'),
(42, 'INFO', 'Notification 42', 'Message 42'),
(43, 'INFO', 'Notification 43', 'Message 43'),
(44, 'INFO', 'Notification 44', 'Message 44'),
(45, 'INFO', 'Notification 45', 'Message 45'),
(46, 'INFO', 'Notification 46', 'Message 46'),
(47, 'INFO', 'Notification 47', 'Message 47'),
(48, 'INFO', 'Notification 48', 'Message 48'),
(49, 'INFO', 'Notification 49', 'Message 49'),
(50, 'INFO', 'Notification 50', 'Message 50'),
(51, 'INFO', 'Notification 51', 'Message 51'),
(52, 'INFO', 'Notification 52', 'Message 52'),
(53, 'INFO', 'Notification 53', 'Message 53'),
(54, 'INFO', 'Notification 54', 'Message 54'),
(55, 'INFO', 'Notification 55', 'Message 55'),
(56, 'INFO', 'Notification 56', 'Message 56'),
(57, 'INFO', 'Notification 57', 'Message 57'),
(58, 'INFO', 'Notification 58', 'Message 58'),
(59, 'INFO', 'Notification 59', 'Message 59'),
(60, 'INFO', 'Notification 60', 'Message 60'),
(61, 'INFO', 'Notification 61', 'Message 61'),
(62, 'INFO', 'Notification 62', 'Message 62'),
(63, 'INFO', 'Notification 63', 'Message 63'),
(64, 'INFO', 'Notification 64', 'Message 64'),
(65, 'INFO', 'Notification 65', 'Message 65'),
(66, 'INFO', 'Notification 66', 'Message 66'),
(67, 'INFO', 'Notification 67', 'Message 67'),
(68, 'INFO', 'Notification 68', 'Message 68'),
(69, 'INFO', 'Notification 69', 'Message 69'),
(70, 'INFO', 'Notification 70', 'Message 70'),
(71, 'INFO', 'Notification 71', 'Message 71'),
(72, 'INFO', 'Notification 72', 'Message 72'),
(73, 'INFO', 'Notification 73', 'Message 73'),
(74, 'INFO', 'Notification 74', 'Message 74'),
(75, 'INFO', 'Notification 75', 'Message 75'),
(76, 'INFO', 'Notification 76', 'Message 76'),
(77, 'INFO', 'Notification 77', 'Message 77'),
(78, 'INFO', 'Notification 78', 'Message 78'),
(79, 'INFO', 'Notification 79', 'Message 79'),
(80, 'INFO', 'Notification 80', 'Message 80'),
(81, 'INFO', 'Notification 81', 'Message 81'),
(82, 'INFO', 'Notification 82', 'Message 82'),
(83, 'INFO', 'Notification 83', 'Message 83'),
(84, 'INFO', 'Notification 84', 'Message 84'),
(85, 'INFO', 'Notification 85', 'Message 85'),
(86, 'INFO', 'Notification 86', 'Message 86'),
(87, 'INFO', 'Notification 87', 'Message 87'),
(88, 'INFO', 'Notification 88', 'Message 88'),
(89, 'INFO', 'Notification 89', 'Message 89'),
(90, 'INFO', 'Notification 90', 'Message 90'),
(91, 'INFO', 'Notification 91', 'Message 91'),
(92, 'INFO', 'Notification 92', 'Message 92'),
(93, 'INFO', 'Notification 93', 'Message 93'),
(94, 'INFO', 'Notification 94', 'Message 94'),
(95, 'INFO', 'Notification 95', 'Message 95'),
(96, 'INFO', 'Notification 96', 'Message 96'),
(97, 'INFO', 'Notification 97', 'Message 97'),
(98, 'INFO', 'Notification 98', 'Message 98'),
(99, 'INFO', 'Notification 99', 'Message 99'),
(100, 'INFO', 'Notification 100', 'Message 100');

-- =====================================================
-- TABLE 9: POLLING_STATIONS (100 Records)
-- =====================================================

INSERT INTO polling_stations (station_name, location, district_id) VALUES
('Station 1', 'Location 1', 1),
('Station 2', 'Location 2', 2),
('Station 3', 'Location 3', 3),
('Station 4', 'Location 4', 4),
('Station 5', 'Location 5', 5),
('Station 6', 'Location 6', 6),
('Station 7', 'Location 7', 7),
('Station 8', 'Location 8', 8),
('Station 9', 'Location 9', 9),
('Station 10', 'Location 10', 10),
('Station 11', 'Location 11', 11),
('Station 12', 'Location 12', 12),
('Station 13', 'Location 13', 13),
('Station 14', 'Location 14', 14),
('Station 15', 'Location 15', 15),
('Station 16', 'Location 16', 16),
('Station 17', 'Location 17', 17),
('Station 18', 'Location 18', 18),
('Station 19', 'Location 19', 19),
('Station 20', 'Location 20', 20),
('Station 21', 'Location 21', 21),
('Station 22', 'Location 22', 22),
('Station 23', 'Location 23', 23),
('Station 24', 'Location 24', 24),
('Station 25', 'Location 25', 25),
('Station 26', 'Location 26', 26),
('Station 27', 'Location 27', 27),
('Station 28', 'Location 28', 28),
('Station 29', 'Location 29', 29),
('Station 30', 'Location 30', 30),
('Station 31', 'Location 31', 31),
('Station 32', 'Location 32', 32),
('Station 33', 'Location 33', 33),
('Station 34', 'Location 34', 34),
('Station 35', 'Location 35', 35),
('Station 36', 'Location 36', 36),
('Station 37', 'Location 37', 37),
('Station 38', 'Location 38', 38),
('Station 39', 'Location 39', 39),
('Station 40', 'Location 40', 40),
('Station 41', 'Location 41', 41),
('Station 42', 'Location 42', 42),
('Station 43', 'Location 43', 43),
('Station 44', 'Location 44', 44),
('Station 45', 'Location 45', 45),
('Station 46', 'Location 46', 46),
('Station 47', 'Location 47', 47),
('Station 48', 'Location 48', 48),
('Station 49', 'Location 49', 49),
('Station 50', 'Location 50', 50),
('Station 51', 'Location 51', 51),
('Station 52', 'Location 52', 52),
('Station 53', 'Location 53', 53),
('Station 54', 'Location 54', 54),
('Station 55', 'Location 55', 55),
('Station 56', 'Location 56', 56),
('Station 57', 'Location 57', 57),
('Station 58', 'Location 58', 58),
('Station 59', 'Location 59', 59),
('Station 60', 'Location 60', 60),
('Station 61', 'Location 61', 61),
('Station 62', 'Location 62', 62),
('Station 63', 'Location 63', 63),
('Station 64', 'Location 64', 64),
('Station 65', 'Location 65', 65),
('Station 66', 'Location 66', 66),
('Station 67', 'Location 67', 67),
('Station 68', 'Location 68', 68),
('Station 69', 'Location 69', 69),
('Station 70', 'Location 70', 70),
('Station 71', 'Location 71', 71),
('Station 72', 'Location 72', 72),
('Station 73', 'Location 73', 73),
('Station 74', 'Location 74', 74),
('Station 75', 'Location 75', 75),
('Station 76', 'Location 76', 76),
('Station 77', 'Location 77', 77),
('Station 78', 'Location 78', 78),
('Station 79', 'Location 79', 79),
('Station 80', 'Location 80', 80),
('Station 81', 'Location 81', 81),
('Station 82', 'Location 82', 82),
('Station 83', 'Location 83', 83),
('Station 84', 'Location 84', 84),
('Station 85', 'Location 85', 85),
('Station 86', 'Location 86', 86),
('Station 87', 'Location 87', 87),
('Station 88', 'Location 88', 88),
('Station 89', 'Location 89', 89),
('Station 90', 'Location 90', 90),
('Station 91', 'Location 91', 91),
('Station 92', 'Location 92', 92),
('Station 93', 'Location 93', 93),
('Station 94', 'Location 94', 94),
('Station 95', 'Location 95', 95),
('Station 96', 'Location 96', 96),
('Station 97', 'Location 97', 97),
('Station 98', 'Location 98', 98),
('Station 99', 'Location 99', 99),
('Station 100', 'Location 100', 100);

-- =====================================================
-- TABLE 12: CANDIDATES (100 Records)
-- =====================================================

INSERT INTO candidates (user_id, election_id, party_id, position_id, status) VALUES
(1, 1, 1, 1, 'approved'),
(2, 1, 2, 1, 'approved'),
(3, 1, 3, 1, 'approved'),
(4, 1, 4, 1, 'approved'),
(5, 1, 5, 1, 'approved'),
(6, 1, 6, 1, 'approved'),
(7, 1, 7, 1, 'approved'),
(8, 1, 8, 1, 'approved'),
(9, 1, 9, 1, 'approved'),
(10, 1, 10, 1, 'approved'),
(11, 2, 11, 2, 'approved'),
(12, 2, 12, 2, 'approved'),
(13, 2, 13, 2, 'approved'),
(14, 2, 14, 2, 'approved'),
(15, 2, 15, 2, 'approved'),
(16, 2, 16, 2, 'approved'),
(17, 2, 17, 2, 'approved'),
(18, 2, 18, 2, 'approved'),
(19, 2, 19, 2, 'approved'),
(20, 2, 20, 2, 'approved'),
(21, 3, 21, 3, 'approved'),
(22, 3, 22, 3, 'approved'),
(23, 3, 23, 3, 'approved'),
(24, 3, 24, 3, 'approved'),
(25, 3, 25, 3, 'approved'),
(26, 3, 26, 3, 'approved'),
(27, 3, 27, 3, 'approved'),
(28, 3, 28, 3, 'approved'),
(29, 3, 29, 3, 'approved'),
(30, 3, 30, 3, 'approved'),
(31, 4, 31, 4, 'approved'),
(32, 4, 32, 4, 'approved'),
(33, 4, 33, 4, 'approved'),
(34, 4, 34, 4, 'approved'),
(35, 4, 35, 4, 'approved'),
(36, 4, 36, 4, 'approved'),
(37, 4, 37, 4, 'approved'),
(38, 4, 38, 4, 'approved'),
(39, 4, 39, 4, 'approved'),
(40, 4, 40, 4, 'approved'),
(41, 5, 41, 5, 'approved'),
(42, 5, 42, 5, 'approved'),
(43, 5, 43, 5, 'approved'),
(44, 5, 44, 5, 'approved'),
(45, 5, 45, 5, 'approved'),
(46, 5, 46, 5, 'approved'),
(47, 5, 47, 5, 'approved'),
(48, 5, 48, 5, 'approved'),
(49, 5, 49, 5, 'approved'),
(50, 5, 50, 5, 'approved'),
(51, 6, 51, 6, 'approved'),
(52, 6, 52, 6, 'approved'),
(53, 6, 53, 6, 'approved'),
(54, 6, 54, 6, 'approved'),
(55, 6, 55, 6, 'approved'),
(56, 6, 56, 6, 'approved'),
(57, 6, 57, 6, 'approved'),
(58, 6, 58, 6, 'approved'),
(59, 6, 59, 6, 'approved'),
(60, 6, 60, 6, 'approved'),
(61, 7, 61, 7, 'approved'),
(62, 7, 62, 7, 'approved'),
(63, 7, 63, 7, 'approved'),
(64, 7, 64, 7, 'approved'),
(65, 7, 65, 7, 'approved'),
(66, 7, 66, 7, 'approved'),
(67, 7, 67, 7, 'approved'),
(68, 7, 68, 7, 'approved'),
(69, 7, 69, 7, 'approved'),
(70, 7, 70, 7, 'approved'),
(71, 8, 71, 8, 'approved'),
(72, 8, 72, 8, 'approved'),
(73, 8, 73, 8, 'approved'),
(74, 8, 74, 8, 'approved'),
(75, 8, 75, 8, 'approved'),
(76, 8, 76, 8, 'approved'),
(77, 8, 77, 8, 'approved'),
(78, 8, 78, 8, 'approved'),
(79, 8, 79, 8, 'approved'),
(80, 8, 80, 8, 'approved'),
(81, 9, 81, 9, 'approved'),
(82, 9, 82, 9, 'approved'),
(83, 9, 83, 9, 'approved'),
(84, 9, 84, 9, 'approved'),
(85, 9, 85, 9, 'approved'),
(86, 9, 86, 9, 'approved'),
(87, 9, 87, 9, 'approved'),
(88, 9, 88, 9, 'approved'),
(89, 9, 89, 9, 'approved'),
(90, 9, 90, 9, 'approved'),
(91, 10, 91, 10, 'approved'),
(92, 10, 92, 10, 'approved'),
(93, 10, 93, 10, 'approved'),
(94, 10, 94, 10, 'approved'),
(95, 10, 95, 10, 'approved'),
(96, 10, 96, 10, 'approved'),
(97, 10, 97, 10, 'approved'),
(98, 10, 98, 10, 'approved'),
(99, 10, 99, 10, 'approved'),
(100, 10, 100, 10, 'approved');

-- =====================================================
-- TABLE 18: COMPLAINTS (100 Records)
-- =====================================================

INSERT INTO complaints (complaint_title, election_id, category_id, complainant_id, status) VALUES
('Rigging in NA-245', 1, 1, 1, 'pending'),
('Voter Intimidation at Station 1', 1, 2, 2, 'under-investigation'),
('Misuse of Resources by Party A', 1, 3, 3, 'resolved'),
('Fake Voting in Station 5', 1, 4, 4, 'pending'),
('Complaint 5', 1, 5, 5, 'pending'),
('Complaint 6', 1, 6, 6, 'pending'),
('Complaint 7', 1, 7, 7, 'pending'),
('Complaint 8', 1, 8, 8, 'pending'),
('Complaint 9', 1, 9, 9, 'pending'),
('Complaint 10', 1, 10, 10, 'pending'),
('Complaint 11', 2, 11, 11, 'pending'),
('Complaint 12', 2, 12, 12, 'pending'),
('Complaint 13', 2, 13, 13, 'pending'),
('Complaint 14', 2, 14, 14, 'pending'),
('Complaint 15', 2, 15, 15, 'pending'),
('Complaint 16', 2, 16, 16, 'pending'),
('Complaint 17', 2, 17, 17, 'pending'),
('Complaint 18', 2, 18, 18, 'pending'),
('Complaint 19', 2, 19, 19, 'pending'),
('Complaint 20', 2, 20, 20, 'pending'),
('Complaint 21', 3, 21, 21, 'pending'),
('Complaint 22', 3, 22, 22, 'pending'),
('Complaint 23', 3, 23, 23, 'pending'),
('Complaint 24', 3, 24, 24, 'pending'),
('Complaint 25', 3, 25, 25, 'pending'),
('Complaint 26', 3, 26, 26, 'pending'),
('Complaint 27', 3, 27, 27, 'pending'),
('Complaint 28', 3, 28, 28, 'pending'),
('Complaint 29', 3, 29, 29, 'pending'),
('Complaint 30', 3, 30, 30, 'pending'),
('Complaint 31', 4, 31, 31, 'pending'),
('Complaint 32', 4, 32, 32, 'pending'),
('Complaint 33', 4, 33, 33, 'pending'),
('Complaint 34', 4, 34, 34, 'pending'),
('Complaint 35', 4, 35, 35, 'pending'),
('Complaint 36', 4, 36, 36, 'pending'),
('Complaint 37', 4, 37, 37, 'pending'),
('Complaint 38', 4, 38, 38, 'pending'),
('Complaint 39', 4, 39, 39, 'pending'),
('Complaint 40', 4, 40, 40, 'pending'),
('Complaint 41', 5, 41, 41, 'pending'),
('Complaint 42', 5, 42, 42, 'pending'),
('Complaint 43', 5, 43, 43, 'pending'),
('Complaint 44', 5, 44, 44, 'pending'),
('Complaint 45', 5, 45, 45, 'pending'),
('Complaint 46', 5, 46, 46, 'pending'),
('Complaint 47', 5, 47, 47, 'pending'),
('Complaint 48', 5, 48, 48, 'pending'),
('Complaint 49', 5, 49, 49, 'pending'),
('Complaint 50', 5, 50, 50, 'pending'),
('Complaint 51', 6, 51, 51, 'pending'),
('Complaint 52', 6, 52, 52, 'pending'),
('Complaint 53', 6, 53, 53, 'pending'),
('Complaint 54', 6, 54, 54, 'pending'),
('Complaint 55', 6, 55, 55, 'pending'),
('Complaint 56', 6, 56, 56, 'pending'),
('Complaint 57', 6, 57, 57, 'pending'),
('Complaint 58', 6, 58, 58, 'pending'),
('Complaint 59', 6, 59, 59, 'pending'),
('Complaint 60', 6, 60, 60, 'pending'),
('Complaint 61', 7, 61, 61, 'pending'),
('Complaint 62', 7, 62, 62, 'pending'),
('Complaint 63', 7, 63, 63, 'pending'),
('Complaint 64', 7, 64, 64, 'pending'),
('Complaint 65', 7, 65, 65, 'pending'),
('Complaint 66', 7, 66, 66, 'pending'),
('Complaint 67', 7, 67, 67, 'pending'),
('Complaint 68', 7, 68, 68, 'pending'),
('Complaint 69', 7, 69, 69, 'pending'),
('Complaint 70', 7, 70, 70, 'pending'),
('Complaint 71', 8, 71, 71, 'pending'),
('Complaint 72', 8, 72, 72, 'pending'),
('Complaint 73', 8, 73, 73, 'pending'),
('Complaint 74', 8, 74, 74, 'pending'),
('Complaint 75', 8, 75, 75, 'pending'),
('Complaint 76', 8, 76, 76, 'pending'),
('Complaint 77', 8, 77, 77, 'pending'),
('Complaint 78', 8, 78, 78, 'pending'),
('Complaint 79', 8, 79, 79, 'pending'),
('Complaint 80', 8, 80, 80, 'pending'),
('Complaint 81', 9, 81, 81, 'pending'),
('Complaint 82', 9, 82, 82, 'pending'),
('Complaint 83', 9, 83, 83, 'pending'),
('Complaint 84', 9, 84, 84, 'pending'),
('Complaint 85', 9, 85, 85, 'pending'),
('Complaint 86', 9, 86, 86, 'pending'),
('Complaint 87', 9, 87, 87, 'pending'),
('Complaint 88', 9, 88, 88, 'pending'),
('Complaint 89', 9, 89, 89, 'pending'),
('Complaint 90', 9, 90, 90, 'pending'),
('Complaint 91', 10, 91, 91, 'pending'),
('Complaint 92', 10, 92, 92, 'pending'),
('Complaint 93', 10, 93, 93, 'pending'),
('Complaint 94', 10, 94, 94, 'pending'),
('Complaint 95', 10, 95, 95, 'pending'),
('Complaint 96', 10, 96, 96, 'pending'),
('Complaint 97', 10, 97, 97, 'pending'),
('Complaint 98', 10, 98, 98, 'pending'),
('Complaint 99', 10, 99, 99, 'pending'),
('Complaint 100', 10, 100, 100, 'pending');

-- =====================================================
-- TABLE 25: ELECTION_PHASES (100 Records)
-- =====================================================

INSERT INTO election_phases (election_id, phase_name, phase_order, status) VALUES
(1, 'Voter Registration', 1, 'completed'),
(1, 'Candidate Nomination', 2, 'active'),
(1, 'Campaigning', 3, 'upcoming'),
(1, 'Polling', 4, 'upcoming'),
(1, 'Counting', 5, 'upcoming'),
(1, 'Result Declaration', 6, 'upcoming'),
(2, 'Voter Registration', 1, 'completed'),
(2, 'Candidate Nomination', 2, 'completed'),
(2, 'Campaigning', 3, 'active'),
(2, 'Polling', 4, 'upcoming'),
(3, 'Phase 1', 1, 'upcoming'),
(3, 'Phase 2', 2, 'upcoming'),
(3, 'Phase 3', 3, 'upcoming'),
(3, 'Phase 4', 4, 'upcoming'),
(3, 'Phase 5', 5, 'upcoming'),
(3, 'Phase 6', 6, 'upcoming'),
(3, 'Phase 7', 7, 'upcoming'),
(3, 'Phase 8', 8, 'upcoming'),
(3, 'Phase 9', 9, 'upcoming'),
(3, 'Phase 10', 10, 'upcoming'),
(4, 'Phase 1', 1, 'upcoming'),
(4, 'Phase 2', 2, 'upcoming'),
(4, 'Phase 3', 3, 'upcoming'),
(4, 'Phase 4', 4, 'upcoming'),
(4, 'Phase 5', 5, 'upcoming'),
(4, 'Phase 6', 6, 'upcoming'),
(4, 'Phase 7', 7, 'upcoming'),
(4, 'Phase 8', 8, 'upcoming'),
(4, 'Phase 9', 9, 'upcoming'),
(4, 'Phase 10', 10, 'upcoming'),
(5, 'Phase 1', 1, 'upcoming'),
(5, 'Phase 2', 2, 'upcoming'),
(5, 'Phase 3', 3, 'upcoming'),
(5, 'Phase 4', 4, 'upcoming'),
(5, 'Phase 5', 5, 'upcoming'),
(5, 'Phase 6', 6, 'upcoming'),
(5, 'Phase 7', 7, 'upcoming'),
(5, 'Phase 8', 8, 'upcoming'),
(5, 'Phase 9', 9, 'upcoming'),
(5, 'Phase 10', 10, 'upcoming'),
(6, 'Phase 1', 1, 'upcoming'),
(6, 'Phase 2', 2, 'upcoming'),
(6, 'Phase 3', 3, 'upcoming'),
(6, 'Phase 4', 4, 'upcoming'),
(6, 'Phase 5', 5, 'upcoming'),
(6, 'Phase 6', 6, 'upcoming'),
(6, 'Phase 7', 7, 'upcoming'),
(6, 'Phase 8', 8, 'upcoming'),
(6, 'Phase 9', 9, 'upcoming'),
(6, 'Phase 10', 10, 'upcoming'),
(7, 'Phase 1', 1, 'upcoming'),
(7, 'Phase 2', 2, 'upcoming'),
(7, 'Phase 3', 3, 'upcoming'),
(7, 'Phase 4', 4, 'upcoming'),
(7, 'Phase 5', 5, 'upcoming'),
(7, 'Phase 6', 6, 'upcoming'),
(7, 'Phase 7', 7, 'upcoming'),
(7, 'Phase 8', 8, 'upcoming'),
(7, 'Phase 9', 9, 'upcoming'),
(7, 'Phase 10', 10, 'upcoming'),
(8, 'Phase 1', 1, 'upcoming'),
(8, 'Phase 2', 2, 'upcoming'),
(8, 'Phase 3', 3, 'upcoming'),
(8, 'Phase 4', 4, 'upcoming'),
(8, 'Phase 5', 5, 'upcoming'),
(8, 'Phase 6', 6, 'upcoming'),
(8, 'Phase 7', 7, 'upcoming'),
(8, 'Phase 8', 8, 'upcoming'),
(8, 'Phase 9', 9, 'upcoming'),
(8, 'Phase 10', 10, 'upcoming'),
(9, 'Phase 1', 1, 'upcoming'),
(9, 'Phase 2', 2, 'upcoming'),
(9, 'Phase 3', 3, 'upcoming'),
(9, 'Phase 4', 4, 'upcoming'),
(9, 'Phase 5', 5, 'upcoming'),
(9, 'Phase 6', 6, 'upcoming'),
(9, 'Phase 7', 7, 'upcoming'),
(9, 'Phase 8', 8, 'upcoming'),
(9, 'Phase 9', 9, 'upcoming'),
(9, 'Phase 10', 10, 'upcoming'),
(10, 'Phase 1', 1, 'upcoming'),
(10, 'Phase 2', 2, 'upcoming'),
(10, 'Phase 3', 3, 'upcoming'),
(10, 'Phase 4', 4, 'upcoming'),
(10, 'Phase 5', 5, 'upcoming'),
(10, 'Phase 6', 6, 'upcoming'),
(10, 'Phase 7', 7, 'upcoming'),
(10, 'Phase 8', 8, 'upcoming'),
(10, 'Phase 9', 9, 'upcoming'),
(10, 'Phase 10', 10, 'upcoming'),
(11, 'Phase 1', 1, 'upcoming'),
(11, 'Phase 2', 2, 'upcoming'),
(11, 'Phase 3', 3, 'upcoming'),
(11, 'Phase 4', 4, 'upcoming'),
(11, 'Phase 5', 5, 'upcoming'),
(11, 'Phase 6', 6, 'upcoming'),
(11, 'Phase 7', 7, 'upcoming'),
(11, 'Phase 8', 8, 'upcoming'),
(11, 'Phase 9', 9, 'upcoming'),
(11, 'Phase 10', 10, 'upcoming');

-- =====================================================
-- TABLE 28: MEDIA_COVERAGE (100 Records)
-- =====================================================

INSERT INTO media_coverage (election_id, media_outlet, headline, coverage_type) VALUES
(1, 'Geo News', 'Election 2026: Campaigns Heat Up', 'news'),
(1, 'ARY News', 'Analysis of Candidate Manifestos', 'analysis'),
(1, 'Dawn News', 'Interview with Chief Election Commissioner', 'interview'),
(1, 'Express News', 'Debate on Election Reforms', 'debate'),
(1, 'Media 5', 'Headline 5', 'news'),
(1, 'Media 6', 'Headline 6', 'news'),
(1, 'Media 7', 'Headline 7', 'news'),
(1, 'Media 8', 'Headline 8', 'news'),
(1, 'Media 9', 'Headline 9', 'news'),
(1, 'Media 10', 'Headline 10', 'news'),
(2, 'Media 11', 'Headline 11', 'news'),
(2, 'Media 12', 'Headline 12', 'news'),
(2, 'Media 13', 'Headline 13', 'news'),
(2, 'Media 14', 'Headline 14', 'news'),
(2, 'Media 15', 'Headline 15', 'news'),
(2, 'Media 16', 'Headline 16', 'news'),
(2, 'Media 17', 'Headline 17', 'news'),
(2, 'Media 18', 'Headline 18', 'news'),
(2, 'Media 19', 'Headline 19', 'news'),
(2, 'Media 20', 'Headline 20', 'news'),
(3, 'Media 21', 'Headline 21', 'news'),
(3, 'Media 22', 'Headline 22', 'news'),
(3, 'Media 23', 'Headline 23', 'news'),
(3, 'Media 24', 'Headline 24', 'news'),
(3, 'Media 25', 'Headline 25', 'news'),
(3, 'Media 26', 'Headline 26', 'news'),
(3, 'Media 27', 'Headline 27', 'news'),
(3, 'Media 28', 'Headline 28', 'news'),
(3, 'Media 29', 'Headline 29', 'news'),
(3, 'Media 30', 'Headline 30', 'news'),
(4, 'Media 31', 'Headline 31', 'news'),
(4, 'Media 32', 'Headline 32', 'news'),
(4, 'Media 33', 'Headline 33', 'news'),
(4, 'Media 34', 'Headline 34', 'news'),
(4, 'Media 35', 'Headline 35', 'news'),
(4, 'Media 36', 'Headline 36', 'news'),
(4, 'Media 37', 'Headline 37', 'news'),
(4, 'Media 38', 'Headline 38', 'news'),
(4, 'Media 39', 'Headline 39', 'news'),
(4, 'Media 40', 'Headline 40', 'news'),
(5, 'Media 41', 'Headline 41', 'news'),
(5, 'Media 42', 'Headline 42', 'news'),
(5, 'Media 43', 'Headline 43', 'news'),
(5, 'Media 44', 'Headline 44', 'news'),
(5, 'Media 45', 'Headline 45', 'news'),
(5, 'Media 46', 'Headline 46', 'news'),
(5, 'Media 47', 'Headline 47', 'news'),
(5, 'Media 48', 'Headline 48', 'news'),
(5, 'Media 49', 'Headline 49', 'news'),
(5, 'Media 50', 'Headline 50', 'news'),
(6, 'Media 51', 'Headline 51', 'news'),
(6, 'Media 52', 'Headline 52', 'news'),
(6, 'Media 53', 'Headline 53', 'news'),
(6, 'Media 54', 'Headline 54', 'news'),
(6, 'Media 55', 'Headline 55', 'news'),
(6, 'Media 56', 'Headline 56', 'news'),
(6, 'Media 57', 'Headline 57', 'news'),
(6, 'Media 58', 'Headline 58', 'news'),
(6, 'Media 59', 'Headline 59', 'news'),
(6, 'Media 60', 'Headline 60', 'news'),
(7, 'Media 61', 'Headline 61', 'news'),
(7, 'Media 62', 'Headline 62', 'news'),
(7, 'Media 63', 'Headline 63', 'news'),
(7, 'Media 64', 'Headline 64', 'news'),
(7, 'Media 65', 'Headline 65', 'news'),
(7, 'Media 66', 'Headline 66', 'news'),
(7, 'Media 67', 'Headline 67', 'news'),
(7, 'Media 68', 'Headline 68', 'news'),
(7, 'Media 69', 'Headline 69', 'news'),
(7, 'Media 70', 'Headline 70', 'news'),
(8, 'Media 71', 'Headline 71', 'news'),
(8, 'Media 72', 'Headline 72', 'news'),
(8, 'Media 73', 'Headline 73', 'news'),
(8, 'Media 74', 'Headline 74', 'news'),
(8, 'Media 75', 'Headline 75', 'news'),
(8, 'Media 76', 'Headline 76', 'news'),
(8, 'Media 77', 'Headline 77', 'news'),
(8, 'Media 78', 'Headline 78', 'news'),
(8, 'Media 79', 'Headline 79', 'news'),
(8, 'Media 80', 'Headline 80', 'news'),
(9, 'Media 81', 'Headline 81', 'news'),
(9, 'Media 82', 'Headline 82', 'news'),
(9, 'Media 83', 'Headline 83', 'news'),
(9, 'Media 84', 'Headline 84', 'news'),
(9, 'Media 85', 'Headline 85', 'news'),
(9, 'Media 86', 'Headline 86', 'news'),
(9, 'Media 87', 'Headline 87', 'news'),
(9, 'Media 88', 'Headline 88', 'news'),
(9, 'Media 89', 'Headline 89', 'news'),
(9, 'Media 90', 'Headline 90', 'news'),
(10, 'Media 91', 'Headline 91', 'news'),
(10, 'Media 92', 'Headline 92', 'news'),
(10, 'Media 93', 'Headline 93', 'news'),
(10, 'Media 94', 'Headline 94', 'news'),
(10, 'Media 95', 'Headline 95', 'news'),
(10, 'Media 96', 'Headline 96', 'news'),
(10, 'Media 97', 'Headline 97', 'news'),
(10, 'Media 98', 'Headline 98', 'news'),
(10, 'Media 99', 'Headline 99', 'news'),
(10, 'Media 100', 'Headline 100', 'news');

-- =====================================================
-- TABLE 14: CANDIDATE_DOCUMENTS (100 Records)
-- =====================================================

INSERT INTO candidate_documents (candidate_id, document_type_id, document_path, status, verified_by) VALUES
(1, 1, '/docs/c1_cnic.pdf', 'verified', 1),
(2, 2, '/docs/c2_pass.pdf', 'verified', 1),
(3, 3, '/docs/c3_edu.pdf', 'verified', 1),
(4, 4, '/docs/c4_tax.pdf', 'pending', 1),
(5, 5, '/docs/c5_util.pdf', 'verified', 1),
(6, 6, '/docs/c6_dom.pdf', 'verified', 1),
(7, 7, '/docs/c7_aff.pdf', 'verified', 1),
(8, 8, '/docs/c8_ptk.pdf', 'verified', 1),
(9, 9, '/docs/c9_pol.pdf', 'verified', 1),
(10, 10, '/docs/c10_med.pdf', 'verified', 1),
(11, 11, '/docs/c11_doc.pdf', 'verified', 1),
(12, 12, '/docs/c12_doc.pdf', 'verified', 1),
(13, 13, '/docs/c13_doc.pdf', 'verified', 1),
(14, 14, '/docs/c14_doc.pdf', 'verified', 1),
(15, 15, '/docs/c15_doc.pdf', 'verified', 1),
(16, 16, '/docs/c16_doc.pdf', 'verified', 1),
(17, 17, '/docs/c17_doc.pdf', 'verified', 1),
(18, 18, '/docs/c18_doc.pdf', 'verified', 1),
(19, 19, '/docs/c19_doc.pdf', 'verified', 1),
(20, 20, '/docs/c20_doc.pdf', 'verified', 1),
(21, 21, '/docs/c21_doc.pdf', 'verified', 1),
(22, 22, '/docs/c22_doc.pdf', 'verified', 1),
(23, 23, '/docs/c23_doc.pdf', 'verified', 1),
(24, 24, '/docs/c24_doc.pdf', 'verified', 1),
(25, 25, '/docs/c25_doc.pdf', 'verified', 1),
(26, 26, '/docs/c26_doc.pdf', 'verified', 1),
(27, 27, '/docs/c27_doc.pdf', 'verified', 1),
(28, 28, '/docs/c28_doc.pdf', 'verified', 1),
(29, 29, '/docs/c29_doc.pdf', 'verified', 1),
(30, 30, '/docs/c30_doc.pdf', 'verified', 1),
(31, 31, '/docs/c31_doc.pdf', 'verified', 1),
(32, 32, '/docs/c32_doc.pdf', 'verified', 1),
(33, 33, '/docs/c33_doc.pdf', 'verified', 1),
(34, 34, '/docs/c34_doc.pdf', 'verified', 1),
(35, 35, '/docs/c35_doc.pdf', 'verified', 1),
(36, 36, '/docs/c36_doc.pdf', 'verified', 1),
(37, 37, '/docs/c37_doc.pdf', 'verified', 1),
(38, 38, '/docs/c38_doc.pdf', 'verified', 1),
(39, 39, '/docs/c39_doc.pdf', 'verified', 1),
(40, 40, '/docs/c40_doc.pdf', 'verified', 1),
(41, 41, '/docs/c41_doc.pdf', 'verified', 1),
(42, 42, '/docs/c42_doc.pdf', 'verified', 1),
(43, 43, '/docs/c43_doc.pdf', 'verified', 1),
(44, 44, '/docs/c44_doc.pdf', 'verified', 1),
(45, 45, '/docs/c45_doc.pdf', 'verified', 1),
(46, 46, '/docs/c46_doc.pdf', 'verified', 1),
(47, 47, '/docs/c47_doc.pdf', 'verified', 1),
(48, 48, '/docs/c48_doc.pdf', 'verified', 1),
(49, 49, '/docs/c49_doc.pdf', 'verified', 1),
(50, 50, '/docs/c50_doc.pdf', 'verified', 1),
(51, 51, '/docs/c51_doc.pdf', 'verified', 1),
(52, 52, '/docs/c52_doc.pdf', 'verified', 1),
(53, 53, '/docs/c53_doc.pdf', 'verified', 1),
(54, 54, '/docs/c54_doc.pdf', 'verified', 1),
(55, 55, '/docs/c55_doc.pdf', 'verified', 1),
(56, 56, '/docs/c56_doc.pdf', 'verified', 1),
(57, 57, '/docs/c57_doc.pdf', 'verified', 1),
(58, 58, '/docs/c58_doc.pdf', 'verified', 1),
(59, 59, '/docs/c59_doc.pdf', 'verified', 1),
(60, 60, '/docs/c60_doc.pdf', 'verified', 1),
(61, 61, '/docs/c61_doc.pdf', 'verified', 1),
(62, 62, '/docs/c62_doc.pdf', 'verified', 1),
(63, 63, '/docs/c63_doc.pdf', 'verified', 1),
(64, 64, '/docs/c64_doc.pdf', 'verified', 1),
(65, 65, '/docs/c65_doc.pdf', 'verified', 1),
(66, 66, '/docs/c66_doc.pdf', 'verified', 1),
(67, 67, '/docs/c67_doc.pdf', 'verified', 1),
(68, 68, '/docs/c68_doc.pdf', 'verified', 1),
(69, 69, '/docs/c69_doc.pdf', 'verified', 1),
(70, 70, '/docs/c70_doc.pdf', 'verified', 1),
(71, 71, '/docs/c71_doc.pdf', 'verified', 1),
(72, 72, '/docs/c72_doc.pdf', 'verified', 1),
(73, 73, '/docs/c73_doc.pdf', 'verified', 1),
(74, 74, '/docs/c74_doc.pdf', 'verified', 1),
(75, 75, '/docs/c75_doc.pdf', 'verified', 1),
(76, 76, '/docs/c76_doc.pdf', 'verified', 1),
(77, 77, '/docs/c77_doc.pdf', 'verified', 1),
(78, 78, '/docs/c78_doc.pdf', 'verified', 1),
(79, 79, '/docs/c79_doc.pdf', 'verified', 1),
(80, 80, '/docs/c80_doc.pdf', 'verified', 1),
(81, 81, '/docs/c81_doc.pdf', 'verified', 1),
(82, 82, '/docs/c82_doc.pdf', 'verified', 1),
(83, 83, '/docs/c83_doc.pdf', 'verified', 1),
(84, 84, '/docs/c84_doc.pdf', 'verified', 1),
(85, 85, '/docs/c85_doc.pdf', 'verified', 1),
(86, 86, '/docs/c86_doc.pdf', 'verified', 1),
(87, 87, '/docs/c87_doc.pdf', 'verified', 1),
(88, 88, '/docs/c88_doc.pdf', 'verified', 1),
(89, 89, '/docs/c89_doc.pdf', 'verified', 1),
(90, 90, '/docs/c90_doc.pdf', 'verified', 1),
(91, 91, '/docs/c91_doc.pdf', 'verified', 1),
(92, 92, '/docs/c92_doc.pdf', 'verified', 1),
(93, 93, '/docs/c93_doc.pdf', 'verified', 1),
(94, 94, '/docs/c94_doc.pdf', 'verified', 1),
(95, 95, '/docs/c95_doc.pdf', 'verified', 1),
(96, 96, '/docs/c96_doc.pdf', 'verified', 1),
(97, 97, '/docs/c97_doc.pdf', 'verified', 1),
(98, 98, '/docs/c98_doc.pdf', 'verified', 1),
(99, 99, '/docs/c99_doc.pdf', 'verified', 1),
(100, 100, '/docs/c100_doc.pdf', 'verified', 1);

-- =====================================================
-- TABLE 15: ELECTION_AGENTS (100 Records)
-- =====================================================

INSERT INTO election_agents (user_id, candidate_id, agent_code, status) VALUES
(1, 1, 'AGT001', 'active'),
(2, 2, 'AGT002', 'active'),
(3, 3, 'AGT003', 'active'),
(4, 4, 'AGT004', 'active'),
(5, 5, 'AGT005', 'active'),
(6, 6, 'AGT006', 'active'),
(7, 7, 'AGT007', 'active'),
(8, 8, 'AGT008', 'active'),
(9, 9, 'AGT009', 'active'),
(10, 10, 'AGT010', 'active'),
(11, 11, 'AGT011', 'active'),
(12, 12, 'AGT012', 'active'),
(13, 13, 'AGT013', 'active'),
(14, 14, 'AGT014', 'active'),
(15, 15, 'AGT015', 'active'),
(16, 16, 'AGT016', 'active'),
(17, 17, 'AGT017', 'active'),
(18, 18, 'AGT018', 'active'),
(19, 19, 'AGT019', 'active'),
(20, 20, 'AGT020', 'active'),
(21, 21, 'AGT021', 'active'),
(22, 22, 'AGT022', 'active'),
(23, 23, 'AGT023', 'active'),
(24, 24, 'AGT024', 'active'),
(25, 25, 'AGT025', 'active'),
(26, 26, 'AGT026', 'active'),
(27, 27, 'AGT027', 'active'),
(28, 28, 'AGT028', 'active'),
(29, 29, 'AGT029', 'active'),
(30, 30, 'AGT030', 'active'),
(31, 31, 'AGT031', 'active'),
(32, 32, 'AGT032', 'active'),
(33, 33, 'AGT033', 'active'),
(34, 34, 'AGT034', 'active'),
(35, 35, 'AGT035', 'active'),
(36, 36, 'AGT036', 'active'),
(37, 37, 'AGT037', 'active'),
(38, 38, 'AGT038', 'active'),
(39, 39, 'AGT039', 'active'),
(40, 40, 'AGT040', 'active'),
(41, 41, 'AGT041', 'active'),
(42, 42, 'AGT042', 'active'),
(43, 43, 'AGT043', 'active'),
(44, 44, 'AGT044', 'active'),
(45, 45, 'AGT045', 'active'),
(46, 46, 'AGT046', 'active'),
(47, 47, 'AGT047', 'active'),
(48, 48, 'AGT048', 'active'),
(49, 49, 'AGT049', 'active'),
(50, 50, 'AGT050', 'active'),
(51, 51, 'AGT051', 'active'),
(52, 52, 'AGT052', 'active'),
(53, 53, 'AGT053', 'active'),
(54, 54, 'AGT054', 'active'),
(55, 55, 'AGT055', 'active'),
(56, 56, 'AGT056', 'active'),
(57, 57, 'AGT057', 'active'),
(58, 58, 'AGT058', 'active'),
(59, 59, 'AGT059', 'active'),
(60, 60, 'AGT060', 'active'),
(61, 61, 'AGT061', 'active'),
(62, 62, 'AGT062', 'active'),
(63, 63, 'AGT063', 'active'),
(64, 64, 'AGT064', 'active'),
(65, 65, 'AGT065', 'active'),
(66, 66, 'AGT066', 'active'),
(67, 67, 'AGT067', 'active'),
(68, 68, 'AGT068', 'active'),
(69, 69, 'AGT069', 'active'),
(70, 70, 'AGT070', 'active'),
(71, 71, 'AGT071', 'active'),
(72, 72, 'AGT072', 'active'),
(73, 73, 'AGT073', 'active'),
(74, 74, 'AGT074', 'active'),
(75, 75, 'AGT075', 'active'),
(76, 76, 'AGT076', 'active'),
(77, 77, 'AGT077', 'active'),
(78, 78, 'AGT078', 'active'),
(79, 79, 'AGT079', 'active'),
(80, 80, 'AGT080', 'active'),
(81, 81, 'AGT081', 'active'),
(82, 82, 'AGT082', 'active'),
(83, 83, 'AGT083', 'active'),
(84, 84, 'AGT084', 'active'),
(85, 85, 'AGT085', 'active'),
(86, 86, 'AGT086', 'active'),
(87, 87, 'AGT087', 'active'),
(88, 88, 'AGT088', 'active'),
(89, 89, 'AGT089', 'active'),
(90, 90, 'AGT090', 'active'),
(91, 91, 'AGT091', 'active'),
(92, 92, 'AGT092', 'active'),
(93, 93, 'AGT093', 'active'),
(94, 94, 'AGT094', 'active'),
(95, 95, 'AGT095', 'active'),
(96, 96, 'AGT096', 'active'),
(97, 97, 'AGT097', 'active'),
(98, 98, 'AGT098', 'active'),
(99, 99, 'AGT099', 'active'),
(100, 100, 'AGT100', 'active');

-- =====================================================
-- TABLE 16: POLLING_OFFICERS (100 Records)
-- =====================================================

INSERT INTO polling_officers (user_id, station_id, officer_code, status) VALUES
(1, 1, 'OFF001', 'active'),
(2, 2, 'OFF002', 'active'),
(3, 3, 'OFF003', 'active'),
(4, 4, 'OFF004', 'active'),
(5, 5, 'OFF005', 'active'),
(6, 6, 'OFF006', 'active'),
(7, 7, 'OFF007', 'active'),
(8, 8, 'OFF008', 'active'),
(9, 9, 'OFF009', 'active'),
(10, 10, 'OFF010', 'active'),
(11, 11, 'OFF011', 'active'),
(12, 12, 'OFF012', 'active'),
(13, 13, 'OFF013', 'active'),
(14, 14, 'OFF014', 'active'),
(15, 15, 'OFF015', 'active'),
(16, 16, 'OFF016', 'active'),
(17, 17, 'OFF017', 'active'),
(18, 18, 'OFF018', 'active'),
(19, 19, 'OFF019', 'active'),
(20, 20, 'OFF020', 'active'),
(21, 21, 'OFF021', 'active'),
(22, 22, 'OFF022', 'active'),
(23, 23, 'OFF023', 'active'),
(24, 24, 'OFF024', 'active'),
(25, 25, 'OFF025', 'active'),
(26, 26, 'OFF026', 'active'),
(27, 27, 'OFF027', 'active'),
(28, 28, 'OFF028', 'active'),
(29, 29, 'OFF029', 'active'),
(30, 30, 'OFF030', 'active'),
(31, 31, 'OFF031', 'active'),
(32, 32, 'OFF032', 'active'),
(33, 33, 'OFF033', 'active'),
(34, 34, 'OFF034', 'active'),
(35, 35, 'OFF035', 'active'),
(36, 36, 'OFF036', 'active'),
(37, 37, 'OFF037', 'active'),
(38, 38, 'OFF038', 'active'),
(39, 39, 'OFF039', 'active'),
(40, 40, 'OFF040', 'active'),
(41, 41, 'OFF041', 'active'),
(42, 42, 'OFF042', 'active'),
(43, 43, 'OFF043', 'active'),
(44, 44, 'OFF044', 'active'),
(45, 45, 'OFF045', 'active'),
(46, 46, 'OFF046', 'active'),
(47, 47, 'OFF047', 'active'),
(48, 48, 'OFF048', 'active'),
(49, 49, 'OFF049', 'active'),
(50, 50, 'OFF050', 'active'),
(51, 51, 'OFF051', 'active'),
(52, 52, 'OFF052', 'active'),
(53, 53, 'OFF053', 'active'),
(54, 54, 'OFF054', 'active'),
(55, 55, 'OFF055', 'active'),
(56, 56, 'OFF056', 'active'),
(57, 57, 'OFF057', 'active'),
(58, 58, 'OFF058', 'active'),
(59, 59, 'OFF059', 'active'),
(60, 60, 'OFF060', 'active'),
(61, 61, 'OFF061', 'active'),
(62, 62, 'OFF062', 'active'),
(63, 63, 'OFF063', 'active'),
(64, 64, 'OFF064', 'active'),
(65, 65, 'OFF065', 'active'),
(66, 66, 'OFF066', 'active'),
(67, 67, 'OFF067', 'active'),
(68, 68, 'OFF068', 'active'),
(69, 69, 'OFF069', 'active'),
(70, 70, 'OFF070', 'active'),
(71, 71, 'OFF071', 'active'),
(72, 72, 'OFF072', 'active'),
(73, 73, 'OFF073', 'active'),
(74, 74, 'OFF074', 'active'),
(75, 75, 'OFF075', 'active'),
(76, 76, 'OFF076', 'active'),
(77, 77, 'OFF077', 'active'),
(78, 78, 'OFF078', 'active'),
(79, 79, 'OFF079', 'active'),
(80, 80, 'OFF080', 'active'),
(81, 81, 'OFF081', 'active'),
(82, 82, 'OFF082', 'active'),
(83, 83, 'OFF083', 'active'),
(84, 84, 'OFF084', 'active'),
(85, 85, 'OFF085', 'active'),
(86, 86, 'OFF086', 'active'),
(87, 87, 'OFF087', 'active'),
(88, 88, 'OFF088', 'active'),
(89, 89, 'OFF089', 'active'),
(90, 90, 'OFF090', 'active'),
(91, 91, 'OFF091', 'active'),
(92, 92, 'OFF092', 'active'),
(93, 93, 'OFF093', 'active'),
(94, 94, 'OFF094', 'active'),
(95, 95, 'OFF095', 'active'),
(96, 96, 'OFF096', 'active'),
(97, 97, 'OFF097', 'active'),
(98, 98, 'OFF098', 'active'),
(99, 99, 'OFF099', 'active'),
(100, 100, 'OFF100', 'active');

-- =====================================================
-- TABLE 20: VOTES (100 Records)
-- =====================================================

INSERT INTO votes (voter_id, candidate_id, election_id, station_id, status) VALUES
(1, 1, 1, 1, 'valid'),
(2, 2, 1, 2, 'valid'),
(3, 3, 1, 3, 'valid'),
(4, 4, 1, 4, 'valid'),
(5, 5, 1, 5, 'valid'),
(6, 6, 1, 6, 'valid'),
(7, 7, 1, 7, 'valid'),
(8, 8, 1, 8, 'valid'),
(9, 9, 1, 9, 'valid'),
(10, 10, 1, 10, 'valid'),
(11, 11, 2, 11, 'valid'),
(12, 12, 2, 12, 'valid'),
(13, 13, 2, 13, 'valid'),
(14, 14, 2, 14, 'valid'),
(15, 15, 2, 15, 'valid'),
(16, 16, 2, 16, 'valid'),
(17, 17, 2, 17, 'valid'),
(18, 18, 2, 18, 'valid'),
(19, 19, 2, 19, 'valid'),
(20, 20, 2, 20, 'valid'),
(21, 21, 3, 21, 'valid'),
(22, 22, 3, 22, 'valid'),
(23, 23, 3, 23, 'valid'),
(24, 24, 3, 24, 'valid'),
(25, 25, 3, 25, 'valid'),
(26, 26, 3, 26, 'valid'),
(27, 27, 3, 27, 'valid'),
(28, 28, 3, 28, 'valid'),
(29, 29, 3, 29, 'valid'),
(30, 30, 3, 30, 'valid'),
(31, 31, 4, 31, 'valid'),
(32, 32, 4, 32, 'valid'),
(33, 33, 4, 33, 'valid'),
(34, 34, 4, 34, 'valid'),
(35, 35, 4, 35, 'valid'),
(36, 36, 4, 36, 'valid'),
(37, 37, 4, 37, 'valid'),
(38, 38, 4, 38, 'valid'),
(39, 39, 4, 39, 'valid'),
(40, 40, 4, 40, 'valid'),
(41, 41, 5, 41, 'valid'),
(42, 42, 5, 42, 'valid'),
(43, 43, 5, 43, 'valid'),
(44, 44, 5, 44, 'valid'),
(45, 45, 5, 45, 'valid'),
(46, 46, 5, 46, 'valid'),
(47, 47, 5, 47, 'valid'),
(48, 48, 5, 48, 'valid'),
(49, 49, 5, 49, 'valid'),
(50, 50, 5, 50, 'valid'),
(51, 51, 6, 51, 'valid'),
(52, 52, 6, 52, 'valid'),
(53, 53, 6, 53, 'valid'),
(54, 54, 6, 54, 'valid'),
(55, 55, 6, 55, 'valid'),
(56, 56, 6, 56, 'valid'),
(57, 57, 6, 57, 'valid'),
(58, 58, 6, 58, 'valid'),
(59, 59, 6, 59, 'valid'),
(60, 60, 6, 60, 'valid'),
(61, 61, 7, 61, 'valid'),
(62, 62, 7, 62, 'valid'),
(63, 63, 7, 63, 'valid'),
(64, 64, 7, 64, 'valid'),
(65, 65, 7, 65, 'valid'),
(66, 66, 7, 66, 'valid'),
(67, 67, 7, 67, 'valid'),
(68, 68, 7, 68, 'valid'),
(69, 69, 7, 69, 'valid'),
(70, 70, 7, 70, 'valid'),
(71, 71, 8, 71, 'valid'),
(72, 72, 8, 72, 'valid'),
(73, 73, 8, 73, 'valid'),
(74, 74, 8, 74, 'valid'),
(75, 75, 8, 75, 'valid'),
(76, 76, 8, 76, 'valid'),
(77, 77, 8, 77, 'valid'),
(78, 78, 8, 78, 'valid'),
(79, 79, 8, 79, 'valid'),
(80, 80, 8, 80, 'valid'),
(81, 81, 9, 81, 'valid'),
(82, 82, 9, 82, 'valid'),
(83, 83, 9, 83, 'valid'),
(84, 84, 9, 84, 'valid'),
(85, 85, 9, 85, 'valid'),
(86, 86, 9, 86, 'valid'),
(87, 87, 9, 87, 'valid'),
(88, 88, 9, 88, 'valid'),
(89, 89, 9, 89, 'valid'),
(90, 90, 9, 90, 'valid'),
(91, 91, 10, 91, 'valid'),
(92, 92, 10, 92, 'valid'),
(93, 93, 10, 93, 'valid'),
(94, 94, 10, 94, 'valid'),
(95, 95, 10, 95, 'valid'),
(96, 96, 10, 96, 'valid'),
(97, 97, 10, 97, 'valid'),
(98, 98, 10, 98, 'valid'),
(99, 99, 10, 99, 'valid'),
(100, 100, 10, 100, 'valid');

-- =====================================================
-- TABLE 21: ELECTION_RESULTS (100 Records)
-- =====================================================

INSERT INTO election_results (election_id, candidate_id, station_id, total_votes, is_winner, status, verified_by) VALUES
(1, 1, 1, 500, TRUE, 'final', 1),
(1, 2, 1, 300, FALSE, 'final', 1),
(1, 3, 2, 450, TRUE, 'final', 1),
(1, 4, 2, 400, FALSE, 'final', 1),
(1, 5, 3, 600, TRUE, 'final', 1),
(1, 6, 3, 200, FALSE, 'final', 1),
(1, 7, 4, 350, TRUE, 'final', 1),
(1, 8, 4, 340, FALSE, 'final', 1),
(1, 9, 5, 700, TRUE, 'final', 1),
(1, 10, 5, 100, FALSE, 'final', 1),
(2, 11, 11, 500, TRUE, 'final', 1),
(2, 12, 11, 300, FALSE, 'final', 1),
(2, 13, 12, 450, TRUE, 'final', 1),
(2, 14, 12, 400, FALSE, 'final', 1),
(2, 15, 13, 600, TRUE, 'final', 1),
(2, 16, 13, 200, FALSE, 'final', 1),
(2, 17, 14, 350, TRUE, 'final', 1),
(2, 18, 14, 340, FALSE, 'final', 1),
(2, 19, 15, 700, TRUE, 'final', 1),
(2, 20, 15, 100, FALSE, 'final', 1),
(3, 21, 21, 500, TRUE, 'final', 1),
(3, 22, 21, 300, FALSE, 'final', 1),
(3, 23, 22, 450, TRUE, 'final', 1),
(3, 24, 22, 400, FALSE, 'final', 1),
(3, 25, 23, 600, TRUE, 'final', 1),
(3, 26, 23, 200, FALSE, 'final', 1),
(3, 27, 24, 350, TRUE, 'final', 1),
(3, 28, 24, 340, FALSE, 'final', 1),
(3, 29, 25, 700, TRUE, 'final', 1),
(3, 30, 25, 100, FALSE, 'final', 1),
(4, 31, 31, 500, TRUE, 'final', 1),
(4, 32, 31, 300, FALSE, 'final', 1),
(4, 33, 32, 450, TRUE, 'final', 1),
(4, 34, 32, 400, FALSE, 'final', 1),
(4, 35, 33, 600, TRUE, 'final', 1),
(4, 36, 33, 200, FALSE, 'final', 1),
(4, 37, 34, 350, TRUE, 'final', 1),
(4, 38, 34, 340, FALSE, 'final', 1),
(4, 39, 35, 700, TRUE, 'final', 1),
(4, 40, 35, 100, FALSE, 'final', 1),
(5, 41, 41, 500, TRUE, 'final', 1),
(5, 42, 41, 300, FALSE, 'final', 1),
(5, 43, 42, 450, TRUE, 'final', 1),
(5, 44, 42, 400, FALSE, 'final', 1),
(5, 45, 43, 600, TRUE, 'final', 1),
(5, 46, 43, 200, FALSE, 'final', 1),
(5, 47, 44, 350, TRUE, 'final', 1),
(5, 48, 44, 340, FALSE, 'final', 1),
(5, 49, 45, 700, TRUE, 'final', 1),
(5, 50, 45, 100, FALSE, 'final', 1),
(6, 51, 51, 500, TRUE, 'final', 1),
(6, 52, 51, 300, FALSE, 'final', 1),
(6, 53, 52, 450, TRUE, 'final', 1),
(6, 54, 52, 400, FALSE, 'final', 1),
(6, 55, 53, 600, TRUE, 'final', 1),
(6, 56, 53, 200, FALSE, 'final', 1),
(6, 57, 54, 350, TRUE, 'final', 1),
(6, 58, 54, 340, FALSE, 'final', 1),
(6, 59, 55, 700, TRUE, 'final', 1),
(6, 60, 55, 100, FALSE, 'final', 1),
(7, 61, 61, 500, TRUE, 'final', 1),
(7, 62, 61, 300, FALSE, 'final', 1),
(7, 63, 62, 450, TRUE, 'final', 1),
(7, 64, 62, 400, FALSE, 'final', 1),
(7, 65, 63, 600, TRUE, 'final', 1),
(7, 66, 63, 200, FALSE, 'final', 1),
(7, 67, 64, 350, TRUE, 'final', 1),
(7, 68, 64, 340, FALSE, 'final', 1),
(7, 69, 65, 700, TRUE, 'final', 1),
(7, 70, 65, 100, FALSE, 'final', 1),
(8, 71, 71, 500, TRUE, 'final', 1),
(8, 72, 71, 300, FALSE, 'final', 1),
(8, 73, 72, 450, TRUE, 'final', 1),
(8, 74, 72, 400, FALSE, 'final', 1),
(8, 75, 73, 600, TRUE, 'final', 1),
(8, 76, 73, 200, FALSE, 'final', 1),
(8, 77, 74, 350, TRUE, 'final', 1),
(8, 78, 74, 340, FALSE, 'final', 1),
(8, 79, 75, 700, TRUE, 'final', 1),
(8, 80, 75, 100, FALSE, 'final', 1),
(9, 81, 81, 500, TRUE, 'final', 1),
(9, 82, 81, 300, FALSE, 'final', 1),
(9, 83, 82, 450, TRUE, 'final', 1),
(9, 84, 82, 400, FALSE, 'final', 1),
(9, 85, 83, 600, TRUE, 'final', 1),
(9, 86, 83, 200, FALSE, 'final', 1),
(9, 87, 84, 350, TRUE, 'final', 1),
(9, 88, 84, 340, FALSE, 'final', 1),
(9, 89, 85, 700, TRUE, 'final', 1),
(9, 90, 85, 100, FALSE, 'final', 1),
(10, 91, 91, 500, TRUE, 'final', 1),
(10, 92, 91, 300, FALSE, 'final', 1),
(10, 93, 92, 450, TRUE, 'final', 1),
(10, 94, 92, 400, FALSE, 'final', 1),
(10, 95, 93, 600, TRUE, 'final', 1),
(10, 96, 93, 200, FALSE, 'final', 1),
(10, 97, 94, 350, TRUE, 'final', 1),
(10, 98, 94, 340, FALSE, 'final', 1),
(10, 99, 95, 700, TRUE, 'final', 1),
(10, 100, 95, 100, FALSE, 'final', 1);

-- =====================================================
-- TABLE 26: STATION_RESOURCES (100 Records)
-- =====================================================

INSERT INTO station_resources (station_id, resource_name, resource_type, quantity) VALUES
(1, 'Ballot Box', 'Furniture', 5),
(2, 'Ballot Box', 'Furniture', 5),
(3, 'Ballot Box', 'Furniture', 5),
(4, 'Ballot Box', 'Furniture', 5),
(5, 'Ballot Box', 'Furniture', 5),
(6, 'Ballot Box', 'Furniture', 5),
(7, 'Ballot Box', 'Furniture', 5),
(8, 'Ballot Box', 'Furniture', 5),
(9, 'Ballot Box', 'Furniture', 5),
(10, 'Ballot Box', 'Furniture', 5),
(11, 'Resource 11', 'Type 11', 1),
(12, 'Resource 12', 'Type 12', 1),
(13, 'Resource 13', 'Type 13', 1),
(14, 'Resource 14', 'Type 14', 1),
(15, 'Resource 15', 'Type 15', 1),
(16, 'Resource 16', 'Type 16', 1),
(17, 'Resource 17', 'Type 17', 1),
(18, 'Resource 18', 'Type 18', 1),
(19, 'Resource 19', 'Type 19', 1),
(20, 'Resource 20', 'Type 20', 1),
(21, 'Resource 21', 'Type 21', 1),
(22, 'Resource 22', 'Type 22', 1),
(23, 'Resource 23', 'Type 23', 1),
(24, 'Resource 24', 'Type 24', 1),
(25, 'Resource 25', 'Type 25', 1),
(26, 'Resource 26', 'Type 26', 1),
(27, 'Resource 27', 'Type 27', 1),
(28, 'Resource 28', 'Type 28', 1),
(29, 'Resource 29', 'Type 29', 1),
(30, 'Resource 30', 'Type 30', 1),
(31, 'Resource 31', 'Type 31', 1),
(32, 'Resource 32', 'Type 32', 1),
(33, 'Resource 33', 'Type 33', 1),
(34, 'Resource 34', 'Type 34', 1),
(35, 'Resource 35', 'Type 35', 1),
(36, 'Resource 36', 'Type 36', 1),
(37, 'Resource 37', 'Type 37', 1),
(38, 'Resource 38', 'Type 38', 1),
(39, 'Resource 39', 'Type 39', 1),
(40, 'Resource 40', 'Type 40', 1),
(41, 'Resource 41', 'Type 41', 1),
(42, 'Resource 42', 'Type 42', 1),
(43, 'Resource 43', 'Type 43', 1),
(44, 'Resource 44', 'Type 44', 1),
(45, 'Resource 45', 'Type 45', 1),
(46, 'Resource 46', 'Type 46', 1),
(47, 'Resource 47', 'Type 47', 1),
(48, 'Resource 48', 'Type 48', 1),
(49, 'Resource 49', 'Type 49', 1),
(50, 'Resource 50', 'Type 50', 1),
(51, 'Resource 51', 'Type 51', 1),
(52, 'Resource 52', 'Type 52', 1),
(53, 'Resource 53', 'Type 53', 1),
(54, 'Resource 54', 'Type 54', 1),
(55, 'Resource 55', 'Type 55', 1),
(56, 'Resource 56', 'Type 56', 1),
(57, 'Resource 57', 'Type 57', 1),
(58, 'Resource 58', 'Type 58', 1),
(59, 'Resource 59', 'Type 59', 1),
(60, 'Resource 60', 'Type 60', 1),
(61, 'Resource 61', 'Type 61', 1),
(62, 'Resource 62', 'Type 62', 1),
(63, 'Resource 63', 'Type 63', 1),
(64, 'Resource 64', 'Type 64', 1),
(65, 'Resource 65', 'Type 65', 1),
(66, 'Resource 66', 'Type 66', 1),
(67, 'Resource 67', 'Type 67', 1),
(68, 'Resource 68', 'Type 68', 1),
(69, 'Resource 69', 'Type 69', 1),
(70, 'Resource 70', 'Type 70', 1),
(71, 'Resource 71', 'Type 71', 1),
(72, 'Resource 72', 'Type 72', 1),
(73, 'Resource 73', 'Type 73', 1),
(74, 'Resource 74', 'Type 74', 1),
(75, 'Resource 75', 'Type 75', 1),
(76, 'Resource 76', 'Type 76', 1),
(77, 'Resource 77', 'Type 77', 1),
(78, 'Resource 78', 'Type 78', 1),
(79, 'Resource 79', 'Type 79', 1),
(80, 'Resource 80', 'Type 80', 1),
(81, 'Resource 81', 'Type 81', 1),
(82, 'Resource 82', 'Type 82', 1),
(83, 'Resource 83', 'Type 83', 1),
(84, 'Resource 84', 'Type 84', 1),
(85, 'Resource 85', 'Type 85', 1),
(86, 'Resource 86', 'Type 86', 1),
(87, 'Resource 87', 'Type 87', 1),
(88, 'Resource 88', 'Type 88', 1),
(89, 'Resource 89', 'Type 89', 1),
(90, 'Resource 90', 'Type 90', 1),
(91, 'Resource 91', 'Type 91', 1),
(92, 'Resource 92', 'Type 92', 1),
(93, 'Resource 93', 'Type 93', 1),
(94, 'Resource 94', 'Type 94', 1),
(95, 'Resource 95', 'Type 95', 1),
(96, 'Resource 96', 'Type 96', 1),
(97, 'Resource 97', 'Type 97', 1),
(98, 'Resource 98', 'Type 98', 1),
(99, 'Resource 99', 'Type 99', 1),
(100, 'Resource 100', 'Type 100', 1);

-- =====================================================
-- TABLE 27: CAMPAIGN_EXPENSES (100 Records)
-- =====================================================

INSERT INTO campaign_expenses (candidate_id, expense_type, amount, status, verified_by) VALUES
(1, 'Advertising', 50000.00, 'verified', 1),
(2, 'Advertising', 30000.00, 'verified', 1),
(3, 'Advertising', 45000.00, 'verified', 1),
(4, 'Advertising', 40000.00, 'pending', 1),
(5, 'Advertising', 60000.00, 'verified', 1),
(6, 'Advertising', 20000.00, 'verified', 1),
(7, 'Advertising', 35000.00, 'verified', 1),
(8, 'Advertising', 34000.00, 'verified', 1),
(9, 'Advertising', 70000.00, 'verified', 1),
(10, 'Advertising', 10000.00, 'verified', 1),
(11, 'Expense 11', 1000.00, 'verified', 1),
(12, 'Expense 12', 1000.00, 'verified', 1),
(13, 'Expense 13', 1000.00, 'verified', 1),
(14, 'Expense 14', 1000.00, 'verified', 1),
(15, 'Expense 15', 1000.00, 'verified', 1),
(16, 'Expense 16', 1000.00, 'verified', 1),
(17, 'Expense 17', 1000.00, 'verified', 1),
(18, 'Expense 18', 1000.00, 'verified', 1),
(19, 'Expense 19', 1000.00, 'verified', 1),
(20, 'Expense 20', 1000.00, 'verified', 1),
(21, 'Expense 21', 1000.00, 'verified', 1),
(22, 'Expense 22', 1000.00, 'verified', 1),
(23, 'Expense 23', 1000.00, 'verified', 1),
(24, 'Expense 24', 1000.00, 'verified', 1),
(25, 'Expense 25', 1000.00, 'verified', 1),
(26, 'Expense 26', 1000.00, 'verified', 1),
(27, 'Expense 27', 1000.00, 'verified', 1),
(28, 'Expense 28', 1000.00, 'verified', 1),
(29, 'Expense 29', 1000.00, 'verified', 1),
(30, 'Expense 30', 1000.00, 'verified', 1),
(31, 'Expense 31', 1000.00, 'verified', 1),
(32, 'Expense 32', 1000.00, 'verified', 1),
(33, 'Expense 33', 1000.00, 'verified', 1),
(34, 'Expense 34', 1000.00, 'verified', 1),
(35, 'Expense 35', 1000.00, 'verified', 1),
(36, 'Expense 36', 1000.00, 'verified', 1),
(37, 'Expense 37', 1000.00, 'verified', 1),
(38, 'Expense 38', 1000.00, 'verified', 1),
(39, 'Expense 39', 1000.00, 'verified', 1),
(40, 'Expense 40', 1000.00, 'verified', 1),
(41, 'Expense 41', 1000.00, 'verified', 1),
(42, 'Expense 42', 1000.00, 'verified', 1),
(43, 'Expense 43', 1000.00, 'verified', 1),
(44, 'Expense 44', 1000.00, 'verified', 1),
(45, 'Expense 45', 1000.00, 'verified', 1),
(46, 'Expense 46', 1000.00, 'verified', 1),
(47, 'Expense 47', 1000.00, 'verified', 1),
(48, 'Expense 48', 1000.00, 'verified', 1),
(49, 'Expense 49', 1000.00, 'verified', 1),
(50, 'Expense 50', 1000.00, 'verified', 1),
(51, 'Expense 51', 1000.00, 'verified', 1),
(52, 'Expense 52', 1000.00, 'verified', 1),
(53, 'Expense 53', 1000.00, 'verified', 1),
(54, 'Expense 54', 1000.00, 'verified', 1),
(55, 'Expense 55', 1000.00, 'verified', 1),
(56, 'Expense 56', 1000.00, 'verified', 1),
(57, 'Expense 57', 1000.00, 'verified', 1),
(58, 'Expense 58', 1000.00, 'verified', 1),
(59, 'Expense 59', 1000.00, 'verified', 1),
(60, 'Expense 60', 1000.00, 'verified', 1),
(61, 'Expense 61', 1000.00, 'verified', 1),
(62, 'Expense 62', 1000.00, 'verified', 1),
(63, 'Expense 63', 1000.00, 'verified', 1),
(64, 'Expense 64', 1000.00, 'verified', 1),
(65, 'Expense 65', 1000.00, 'verified', 1),
(66, 'Expense 66', 1000.00, 'verified', 1),
(67, 'Expense 67', 1000.00, 'verified', 1),
(68, 'Expense 68', 1000.00, 'verified', 1),
(69, 'Expense 69', 1000.00, 'verified', 1),
(70, 'Expense 70', 1000.00, 'verified', 1),
(71, 'Expense 71', 1000.00, 'verified', 1),
(72, 'Expense 72', 1000.00, 'verified', 1),
(73, 'Expense 73', 1000.00, 'verified', 1),
(74, 'Expense 74', 1000.00, 'verified', 1),
(75, 'Expense 75', 1000.00, 'verified', 1),
(76, 'Expense 76', 1000.00, 'verified', 1),
(77, 'Expense 77', 1000.00, 'verified', 1),
(78, 'Expense 78', 1000.00, 'verified', 1),
(79, 'Expense 79', 1000.00, 'verified', 1),
(80, 'Expense 80', 1000.00, 'verified', 1),
(81, 'Expense 81', 1000.00, 'verified', 1),
(82, 'Expense 82', 1000.00, 'verified', 1),
(83, 'Expense 83', 1000.00, 'verified', 1),
(84, 'Expense 84', 1000.00, 'verified', 1),
(85, 'Expense 85', 1000.00, 'verified', 1),
(86, 'Expense 86', 1000.00, 'verified', 1),
(87, 'Expense 87', 1000.00, 'verified', 1),
(88, 'Expense 88', 1000.00, 'verified', 1),
(89, 'Expense 89', 1000.00, 'verified', 1),
(90, 'Expense 90', 1000.00, 'verified', 1),
(91, 'Expense 91', 1000.00, 'verified', 1),
(92, 'Expense 92', 1000.00, 'verified', 1),
(93, 'Expense 93', 1000.00, 'verified', 1),
(94, 'Expense 94', 1000.00, 'verified', 1),
(95, 'Expense 95', 1000.00, 'verified', 1),
(96, 'Expense 96', 1000.00, 'verified', 1),
(97, 'Expense 97', 1000.00, 'verified', 1),
(98, 'Expense 98', 1000.00, 'verified', 1),
(99, 'Expense 99', 1000.00, 'verified', 1),
(100, 'Expense 100', 1000.00, 'verified', 1);

-- =====================================================
-- TABLE 29: SECURITY_INCIDENTS (100 Records)
-- =====================================================

INSERT INTO security_incidents (station_id, incident_type, status, reported_by) VALUES
(1, 'FIGHT', 'resolved', 1),
(2, 'THEFT', 'investigating', 1),
(3, 'FIGHT', 'resolved', 1),
(4, 'FIGHT', 'resolved', 1),
(5, 'FIGHT', 'resolved', 1),
(6, 'FIGHT', 'resolved', 1),
(7, 'FIGHT', 'resolved', 1),
(8, 'FIGHT', 'resolved', 1),
(9, 'FIGHT', 'resolved', 1),
(10, 'FIGHT', 'resolved', 1),
(11, 'Incident 11', 'reported', 1),
(12, 'Incident 12', 'reported', 1),
(13, 'Incident 13', 'reported', 1),
(14, 'Incident 14', 'reported', 1),
(15, 'Incident 15', 'reported', 1),
(16, 'Incident 16', 'reported', 1),
(17, 'Incident 17', 'reported', 1),
(18, 'Incident 18', 'reported', 1),
(19, 'Incident 19', 'reported', 1),
(20, 'Incident 20', 'reported', 1),
(21, 'Incident 21', 'reported', 1),
(22, 'Incident 22', 'reported', 1),
(23, 'Incident 23', 'reported', 1),
(24, 'Incident 24', 'reported', 1),
(25, 'Incident 25', 'reported', 1),
(26, 'Incident 26', 'reported', 1),
(27, 'Incident 27', 'reported', 1),
(28, 'Incident 28', 'reported', 1),
(29, 'Incident 29', 'reported', 1),
(30, 'Incident 30', 'reported', 1),
(31, 'Incident 31', 'reported', 1),
(32, 'Incident 32', 'reported', 1),
(33, 'Incident 33', 'reported', 1),
(34, 'Incident 34', 'reported', 1),
(35, 'Incident 35', 'reported', 1),
(36, 'Incident 36', 'reported', 1),
(37, 'Incident 37', 'reported', 1),
(38, 'Incident 38', 'reported', 1),
(39, 'Incident 39', 'reported', 1),
(40, 'Incident 40', 'reported', 1),
(41, 'Incident 41', 'reported', 1),
(42, 'Incident 42', 'reported', 1),
(43, 'Incident 43', 'reported', 1),
(44, 'Incident 44', 'reported', 1),
(45, 'Incident 45', 'reported', 1),
(46, 'Incident 46', 'reported', 1),
(47, 'Incident 47', 'reported', 1),
(48, 'Incident 48', 'reported', 1),
(49, 'Incident 49', 'reported', 1),
(50, 'Incident 50', 'reported', 1),
(51, 'Incident 51', 'reported', 1),
(52, 'Incident 52', 'reported', 1),
(53, 'Incident 53', 'reported', 1),
(54, 'Incident 54', 'reported', 1),
(55, 'Incident 55', 'reported', 1),
(56, 'Incident 56', 'reported', 1),
(57, 'Incident 57', 'reported', 1),
(58, 'Incident 58', 'reported', 1),
(59, 'Incident 59', 'reported', 1),
(60, 'Incident 60', 'reported', 1),
(61, 'Incident 61', 'reported', 1),
(62, 'Incident 62', 'reported', 1),
(63, 'Incident 63', 'reported', 1),
(64, 'Incident 64', 'reported', 1),
(65, 'Incident 65', 'reported', 1),
(66, 'Incident 66', 'reported', 1),
(67, 'Incident 67', 'reported', 1),
(68, 'Incident 68', 'reported', 1),
(69, 'Incident 69', 'reported', 1),
(70, 'Incident 70', 'reported', 1),
(71, 'Incident 71', 'reported', 1),
(72, 'Incident 72', 'reported', 1),
(73, 'Incident 73', 'reported', 1),
(74, 'Incident 74', 'reported', 1),
(75, 'Incident 75', 'reported', 1),
(76, 'Incident 76', 'reported', 1),
(77, 'Incident 77', 'reported', 1),
(78, 'Incident 78', 'reported', 1),
(79, 'Incident 79', 'reported', 1),
(80, 'Incident 80', 'reported', 1),
(81, 'Incident 81', 'reported', 1),
(82, 'Incident 82', 'reported', 1),
(83, 'Incident 83', 'reported', 1),
(84, 'Incident 84', 'reported', 1),
(85, 'Incident 85', 'reported', 1),
(86, 'Incident 86', 'reported', 1),
(87, 'Incident 87', 'reported', 1),
(88, 'Incident 88', 'reported', 1),
(89, 'Incident 89', 'reported', 1),
(90, 'Incident 90', 'reported', 1),
(91, 'Incident 91', 'reported', 1),
(92, 'Incident 92', 'reported', 1),
(93, 'Incident 93', 'reported', 1),
(94, 'Incident 94', 'reported', 1),
(95, 'Incident 95', 'reported', 1),
(96, 'Incident 96', 'reported', 1),
(97, 'Incident 97', 'reported', 1),
(98, 'Incident 98', 'reported', 1),
(99, 'Incident 99', 'reported', 1),
(100, 'Incident 100', 'reported', 1);

-- =====================================================
-- TABLE 30: BALLOT_PAPERS (100 Records)
-- =====================================================

INSERT INTO ballot_papers (election_id, ballot_number, station_id, status) VALUES
(1, 'BAL001', 1, 'unused'),
(1, 'BAL002', 1, 'unused'),
(1, 'BAL003', 1, 'unused'),
(1, 'BAL004', 1, 'unused'),
(1, 'BAL005', 1, 'unused'),
(1, 'BAL006', 1, 'unused'),
(1, 'BAL007', 1, 'unused'),
(1, 'BAL008', 1, 'unused'),
(1, 'BAL009', 1, 'unused'),
(1, 'BAL010', 1, 'unused'),
(1, 'BAL011', 2, 'unused'),
(1, 'BAL012', 2, 'unused'),
(1, 'BAL013', 2, 'unused'),
(1, 'BAL014', 2, 'unused'),
(1, 'BAL015', 2, 'unused'),
(1, 'BAL016', 2, 'unused'),
(1, 'BAL017', 2, 'unused'),
(1, 'BAL018', 2, 'unused'),
(1, 'BAL019', 2, 'unused'),
(1, 'BAL020', 2, 'unused'),
(1, 'BAL021', 3, 'unused'),
(1, 'BAL022', 3, 'unused'),
(1, 'BAL023', 3, 'unused'),
(1, 'BAL024', 3, 'unused'),
(1, 'BAL025', 3, 'unused'),
(1, 'BAL026', 3, 'unused'),
(1, 'BAL027', 3, 'unused'),
(1, 'BAL028', 3, 'unused'),
(1, 'BAL029', 3, 'unused'),
(1, 'BAL030', 3, 'unused'),
(1, 'BAL031', 4, 'unused'),
(1, 'BAL032', 4, 'unused'),
(1, 'BAL033', 4, 'unused'),
(1, 'BAL034', 4, 'unused'),
(1, 'BAL035', 4, 'unused'),
(1, 'BAL036', 4, 'unused'),
(1, 'BAL037', 4, 'unused'),
(1, 'BAL038', 4, 'unused'),
(1, 'BAL039', 4, 'unused'),
(1, 'BAL040', 4, 'unused'),
(1, 'BAL041', 5, 'unused'),
(1, 'BAL042', 5, 'unused'),
(1, 'BAL043', 5, 'unused'),
(1, 'BAL044', 5, 'unused'),
(1, 'BAL045', 5, 'unused'),
(1, 'BAL046', 5, 'unused'),
(1, 'BAL047', 5, 'unused'),
(1, 'BAL048', 5, 'unused'),
(1, 'BAL049', 5, 'unused'),
(1, 'BAL050', 5, 'unused'),
(1, 'BAL051', 6, 'unused'),
(1, 'BAL052', 6, 'unused'),
(1, 'BAL053', 6, 'unused'),
(1, 'BAL054', 6, 'unused'),
(1, 'BAL055', 6, 'unused'),
(1, 'BAL056', 6, 'unused'),
(1, 'BAL057', 6, 'unused'),
(1, 'BAL058', 6, 'unused'),
(1, 'BAL059', 6, 'unused'),
(1, 'BAL060', 6, 'unused'),
(1, 'BAL061', 7, 'unused'),
(1, 'BAL062', 7, 'unused'),
(1, 'BAL063', 7, 'unused'),
(1, 'BAL064', 7, 'unused'),
(1, 'BAL065', 7, 'unused'),
(1, 'BAL066', 7, 'unused'),
(1, 'BAL067', 7, 'unused'),
(1, 'BAL068', 7, 'unused'),
(1, 'BAL069', 7, 'unused'),
(1, 'BAL070', 7, 'unused'),
(1, 'BAL071', 8, 'unused'),
(1, 'BAL072', 8, 'unused'),
(1, 'BAL073', 8, 'unused'),
(1, 'BAL074', 8, 'unused'),
(1, 'BAL075', 8, 'unused'),
(1, 'BAL076', 8, 'unused'),
(1, 'BAL077', 8, 'unused'),
(1, 'BAL078', 8, 'unused'),
(1, 'BAL079', 8, 'unused'),
(1, 'BAL080', 8, 'unused'),
(1, 'BAL081', 9, 'unused'),
(1, 'BAL082', 9, 'unused'),
(1, 'BAL083', 9, 'unused'),
(1, 'BAL084', 9, 'unused'),
(1, 'BAL085', 9, 'unused'),
(1, 'BAL086', 9, 'unused'),
(1, 'BAL087', 9, 'unused'),
(1, 'BAL088', 9, 'unused'),
(1, 'BAL089', 9, 'unused'),
(1, 'BAL090', 9, 'unused'),
(1, 'BAL091', 10, 'unused'),
(1, 'BAL092', 10, 'unused'),
(1, 'BAL093', 10, 'unused'),
(1, 'BAL094', 10, 'unused'),
(1, 'BAL095', 10, 'unused'),
(1, 'BAL096', 10, 'unused'),
(1, 'BAL097', 10, 'unused'),
(1, 'BAL098', 10, 'unused'),
(1, 'BAL099', 10, 'unused'),
(1, 'BAL100', 10, 'unused');

-- =====================================================
-- TABLE 31: VOTER_TURNOUT (100 Records)
-- =====================================================

INSERT INTO voter_turnout (election_id, station_id, turnout_ref, status, recorded_by) VALUES
(1, 1, 'TRN001', 'active', 1),
(1, 2, 'TRN002', 'active', 1),
(1, 3, 'TRN003', 'active', 1),
(1, 4, 'TRN004', 'active', 1),
(1, 5, 'TRN005', 'active', 1),
(1, 6, 'TRN006', 'active', 1),
(1, 7, 'TRN007', 'active', 1),
(1, 8, 'TRN008', 'active', 1),
(1, 9, 'TRN009', 'active', 1),
(1, 10, 'TRN010', 'active', 1),
(1, 11, 'TRN011', 'active', 1),
(1, 12, 'TRN012', 'active', 1),
(1, 13, 'TRN013', 'active', 1),
(1, 14, 'TRN014', 'active', 1),
(1, 15, 'TRN015', 'active', 1),
(1, 16, 'TRN016', 'active', 1),
(1, 17, 'TRN017', 'active', 1),
(1, 18, 'TRN018', 'active', 1),
(1, 19, 'TRN019', 'active', 1),
(1, 20, 'TRN020', 'active', 1),
(1, 21, 'TRN021', 'active', 1),
(1, 22, 'TRN022', 'active', 1),
(1, 23, 'TRN023', 'active', 1),
(1, 24, 'TRN024', 'active', 1),
(1, 25, 'TRN025', 'active', 1),
(1, 26, 'TRN026', 'active', 1),
(1, 27, 'TRN027', 'active', 1),
(1, 28, 'TRN028', 'active', 1),
(1, 29, 'TRN029', 'active', 1),
(1, 30, 'TRN030', 'active', 1),
(1, 31, 'TRN031', 'active', 1),
(1, 32, 'TRN032', 'active', 1),
(1, 33, 'TRN033', 'active', 1),
(1, 34, 'TRN034', 'active', 1),
(1, 35, 'TRN035', 'active', 1),
(1, 36, 'TRN036', 'active', 1),
(1, 37, 'TRN037', 'active', 1),
(1, 38, 'TRN038', 'active', 1),
(1, 39, 'TRN039', 'active', 1),
(1, 40, 'TRN040', 'active', 1),
(1, 41, 'TRN041', 'active', 1),
(1, 42, 'TRN042', 'active', 1),
(1, 43, 'TRN043', 'active', 1),
(1, 44, 'TRN044', 'active', 1),
(1, 45, 'TRN045', 'active', 1),
(1, 46, 'TRN046', 'active', 1),
(1, 47, 'TRN047', 'active', 1),
(1, 48, 'TRN048', 'active', 1),
(1, 49, 'TRN049', 'active', 1),
(1, 50, 'TRN050', 'active', 1),
(1, 51, 'TRN051', 'active', 1),
(1, 52, 'TRN052', 'active', 1),
(1, 53, 'TRN053', 'active', 1),
(1, 54, 'TRN054', 'active', 1),
(1, 55, 'TRN055', 'active', 1),
(1, 56, 'TRN056', 'active', 1),
(1, 57, 'TRN057', 'active', 1),
(1, 58, 'TRN058', 'active', 1),
(1, 59, 'TRN059', 'active', 1),
(1, 60, 'TRN060', 'active', 1),
(1, 61, 'TRN061', 'active', 1),
(1, 62, 'TRN062', 'active', 1),
(1, 63, 'TRN063', 'active', 1),
(1, 64, 'TRN064', 'active', 1),
(1, 65, 'TRN065', 'active', 1),
(1, 66, 'TRN066', 'active', 1),
(1, 67, 'TRN067', 'active', 1),
(1, 68, 'TRN068', 'active', 1),
(1, 69, 'TRN069', 'active', 1),
(1, 70, 'TRN070', 'active', 1),
(1, 71, 'TRN071', 'active', 1),
(1, 72, 'TRN072', 'active', 1),
(1, 73, 'TRN073', 'active', 1),
(1, 74, 'TRN074', 'active', 1),
(1, 75, 'TRN075', 'active', 1),
(1, 76, 'TRN076', 'active', 1),
(1, 77, 'TRN077', 'active', 1),
(1, 78, 'TRN078', 'active', 1),
(1, 79, 'TRN079', 'active', 1),
(1, 80, 'TRN080', 'active', 1),
(1, 81, 'TRN081', 'active', 1),
(1, 82, 'TRN082', 'active', 1),
(1, 83, 'TRN083', 'active', 1),
(1, 84, 'TRN084', 'active', 1),
(1, 85, 'TRN085', 'active', 1),
(1, 86, 'TRN086', 'active', 1),
(1, 87, 'TRN087', 'active', 1),
(1, 88, 'TRN088', 'active', 1),
(1, 89, 'TRN089', 'active', 1),
(1, 90, 'TRN090', 'active', 1),
(1, 91, 'TRN091', 'active', 1),
(1, 92, 'TRN092', 'active', 1),
(1, 93, 'TRN093', 'active', 1),
(1, 94, 'TRN094', 'active', 1),
(1, 95, 'TRN095', 'active', 1),
(1, 96, 'TRN096', 'active', 1),
(1, 97, 'TRN097', 'active', 1),
(1, 98, 'TRN098', 'active', 1),
(1, 99, 'TRN099', 'active', 1),
(1, 100, 'TRN100', 'active', 1);

-- =====================================================
-- TABLE 32: OBSERVER_REPORTS (100 Records)
-- =====================================================

INSERT INTO observer_reports (agent_id, station_id, report_content, rating) VALUES
(1, 1, 'The polling process was smooth and transparent.', 5),
(2, 2, 'Minor delays in starting the polling.', 4),
(3, 3, 'Excellent security arrangements.', 5),
(4, 4, 'Some confusion among voters regarding ballot papers.', 3),
(5, 5, 'Report 5', 4),
(6, 6, 'Report 6', 4),
(7, 7, 'Report 7', 4),
(8, 8, 'Report 8', 4),
(9, 9, 'Report 9', 4),
(10, 10, 'Report 10', 4),
(11, 11, 'Report 11', 4),
(12, 12, 'Report 12', 4),
(13, 13, 'Report 13', 4),
(14, 14, 'Report 14', 4),
(15, 15, 'Report 15', 4),
(16, 16, 'Report 16', 4),
(17, 17, 'Report 17', 4),
(18, 18, 'Report 18', 4),
(19, 19, 'Report 19', 4),
(20, 20, 'Report 20', 4),
(21, 21, 'Report 21', 4),
(22, 22, 'Report 22', 4),
(23, 23, 'Report 23', 4),
(24, 24, 'Report 24', 4),
(25, 25, 'Report 25', 4),
(26, 26, 'Report 26', 4),
(27, 27, 'Report 27', 4),
(28, 28, 'Report 28', 4),
(29, 29, 'Report 29', 4),
(30, 30, 'Report 30', 4),
(31, 31, 'Report 31', 4),
(32, 32, 'Report 32', 4),
(33, 33, 'Report 33', 4),
(34, 34, 'Report 34', 4),
(35, 35, 'Report 35', 4),
(36, 36, 'Report 36', 4),
(37, 37, 'Report 37', 4),
(38, 38, 'Report 38', 4),
(39, 39, 'Report 39', 4),
(40, 40, 'Report 40', 4),
(41, 41, 'Report 41', 4),
(42, 42, 'Report 42', 4),
(43, 43, 'Report 43', 4),
(44, 44, 'Report 44', 4),
(45, 45, 'Report 45', 4),
(46, 46, 'Report 46', 4),
(47, 47, 'Report 47', 4),
(48, 48, 'Report 48', 4),
(49, 49, 'Report 49', 4),
(50, 50, 'Report 50', 4),
(51, 51, 'Report 51', 4),
(52, 52, 'Report 52', 4),
(53, 53, 'Report 53', 4),
(54, 54, 'Report 54', 4),
(55, 55, 'Report 55', 4),
(56, 56, 'Report 56', 4),
(57, 57, 'Report 57', 4),
(58, 58, 'Report 58', 4),
(59, 59, 'Report 59', 4),
(60, 60, 'Report 60', 4),
(61, 61, 'Report 61', 4),
(62, 62, 'Report 62', 4),
(63, 63, 'Report 63', 4),
(64, 64, 'Report 64', 4),
(65, 65, 'Report 65', 4),
(66, 66, 'Report 66', 4),
(67, 67, 'Report 67', 4),
(68, 68, 'Report 68', 4),
(69, 69, 'Report 69', 4),
(70, 70, 'Report 70', 4),
(71, 71, 'Report 71', 4),
(72, 72, 'Report 72', 4),
(73, 73, 'Report 73', 4),
(74, 74, 'Report 74', 4),
(75, 75, 'Report 75', 4),
(76, 76, 'Report 76', 4),
(77, 77, 'Report 77', 4),
(78, 78, 'Report 78', 4),
(79, 79, 'Report 79', 4),
(80, 80, 'Report 80', 4),
(81, 81, 'Report 81', 4),
(82, 82, 'Report 82', 4),
(83, 83, 'Report 83', 4),
(84, 84, 'Report 84', 4),
(85, 85, 'Report 85', 4),
(86, 86, 'Report 86', 4),
(87, 87, 'Report 87', 4),
(88, 88, 'Report 88', 4),
(89, 89, 'Report 89', 4),
(90, 90, 'Report 90', 4),
(91, 91, 'Report 91', 4),
(92, 92, 'Report 92', 4),
(93, 93, 'Report 93', 4),
(94, 94, 'Report 94', 4),
(95, 95, 'Report 95', 4),
(96, 96, 'Report 96', 4),
(97, 97, 'Report 97', 4),
(98, 98, 'Report 98', 4),
(99, 99, 'Report 99', 4),
(100, 100, 'Report 100', 4);

-- =====================================================
-- TABLE 33: CANDIDATE_MANIFESTO (100 Records)
-- =====================================================

INSERT INTO candidate_manifesto (candidate_id, manifesto_title, content) VALUES
(1, 'Education for All', 'We promise to provide free education to all children.'),
(2, 'Healthcare Revolution', 'Our goal is to build state-of-the-art hospitals.'),
(3, 'Economic Growth', 'We will focus on job creation and industrial growth.'),
(4, 'Clean Energy', 'Promoting solar and wind energy for a greener future.'),
(5, 'Manifesto 5', 'Content 5'),
(6, 'Manifesto 6', 'Content 6'),
(7, 'Manifesto 7', 'Content 7'),
(8, 'Manifesto 8', 'Content 8'),
(9, 'Manifesto 9', 'Content 9'),
(10, 'Manifesto 10', 'Content 10'),
(11, 'Manifesto 11', 'Content 11'),
(12, 'Manifesto 12', 'Content 12'),
(13, 'Manifesto 13', 'Content 13'),
(14, 'Manifesto 14', 'Content 14'),
(15, 'Manifesto 15', 'Content 15'),
(16, 'Manifesto 16', 'Content 16'),
(17, 'Manifesto 17', 'Content 17'),
(18, 'Manifesto 18', 'Content 18'),
(19, 'Manifesto 19', 'Content 19'),
(20, 'Manifesto 20', 'Content 20'),
(21, 'Manifesto 21', 'Content 21'),
(22, 'Manifesto 22', 'Content 22'),
(23, 'Manifesto 23', 'Content 23'),
(24, 'Manifesto 24', 'Content 24'),
(25, 'Manifesto 25', 'Content 25'),
(26, 'Manifesto 26', 'Content 26'),
(27, 'Manifesto 27', 'Content 27'),
(28, 'Manifesto 28', 'Content 28'),
(29, 'Manifesto 29', 'Content 29'),
(30, 'Manifesto 30', 'Content 30'),
(31, 'Manifesto 31', 'Content 31'),
(32, 'Manifesto 32', 'Content 32'),
(33, 'Manifesto 33', 'Content 33'),
(34, 'Manifesto 34', 'Content 34'),
(35, 'Manifesto 35', 'Content 35'),
(36, 'Manifesto 36', 'Content 36'),
(37, 'Manifesto 37', 'Content 37'),
(38, 'Manifesto 38', 'Content 38'),
(39, 'Manifesto 39', 'Content 39'),
(40, 'Manifesto 40', 'Content 40'),
(41, 'Manifesto 41', 'Content 41'),
(42, 'Manifesto 42', 'Content 42'),
(43, 'Manifesto 43', 'Content 43'),
(44, 'Manifesto 44', 'Content 44'),
(45, 'Manifesto 45', 'Content 45'),
(46, 'Manifesto 46', 'Content 46'),
(47, 'Manifesto 47', 'Content 47'),
(48, 'Manifesto 48', 'Content 48'),
(49, 'Manifesto 49', 'Content 49'),
(50, 'Manifesto 50', 'Content 50'),
(51, 'Manifesto 51', 'Content 51'),
(52, 'Manifesto 52', 'Content 52'),
(53, 'Manifesto 53', 'Content 53'),
(54, 'Manifesto 54', 'Content 54'),
(55, 'Manifesto 55', 'Content 55'),
(56, 'Manifesto 56', 'Content 56'),
(57, 'Manifesto 57', 'Content 57'),
(58, 'Manifesto 58', 'Content 58'),
(59, 'Manifesto 59', 'Content 59'),
(60, 'Manifesto 60', 'Content 60'),
(61, 'Manifesto 61', 'Content 61'),
(62, 'Manifesto 62', 'Content 62'),
(63, 'Manifesto 63', 'Content 63'),
(64, 'Manifesto 64', 'Content 64'),
(65, 'Manifesto 65', 'Content 65'),
(66, 'Manifesto 66', 'Content 66'),
(67, 'Manifesto 67', 'Content 67'),
(68, 'Manifesto 68', 'Content 68'),
(69, 'Manifesto 69', 'Content 69'),
(70, 'Manifesto 70', 'Content 70'),
(71, 'Manifesto 71', 'Content 71'),
(72, 'Manifesto 72', 'Content 72'),
(73, 'Manifesto 73', 'Content 73'),
(74, 'Manifesto 74', 'Content 74'),
(75, 'Manifesto 75', 'Content 75'),
(76, 'Manifesto 76', 'Content 76'),
(77, 'Manifesto 77', 'Content 77'),
(78, 'Manifesto 78', 'Content 78'),
(79, 'Manifesto 79', 'Content 79'),
(80, 'Manifesto 80', 'Content 80'),
(81, 'Manifesto 81', 'Content 81'),
(82, 'Manifesto 82', 'Content 82'),
(83, 'Manifesto 83', 'Content 83'),
(84, 'Manifesto 84', 'Content 84'),
(85, 'Manifesto 85', 'Content 85'),
(86, 'Manifesto 86', 'Content 86'),
(87, 'Manifesto 87', 'Content 87'),
(88, 'Manifesto 88', 'Content 88'),
(89, 'Manifesto 89', 'Content 89'),
(90, 'Manifesto 90', 'Content 90'),
(91, 'Manifesto 91', 'Content 91'),
(92, 'Manifesto 92', 'Content 92'),
(93, 'Manifesto 93', 'Content 93'),
(94, 'Manifesto 94', 'Content 94'),
(95, 'Manifesto 95', 'Content 95'),
(96, 'Manifesto 96', 'Content 96'),
(97, 'Manifesto 97', 'Content 97'),
(98, 'Manifesto 98', 'Content 98'),
(99, 'Manifesto 99', 'Content 99'),
(100, 'Manifesto 100', 'Content 100');

-- =====================================================
-- TABLE 34: PARTY_ALLIANCES (100 Records)
-- =====================================================

INSERT INTO party_alliances (party_id, allied_party_id, alliance_name) VALUES
(1, 2, 'Democratic Alliance'),
(3, 4, 'Progressive Front'),
(5, 6, 'National Unity'),
(7, 8, 'People Power'),
(9, 10, 'Alliance 5'),
(11, 12, 'Alliance 6'),
(13, 14, 'Alliance 7'),
(15, 16, 'Alliance 8'),
(17, 18, 'Alliance 9'),
(19, 20, 'Alliance 10'),
(21, 22, 'Alliance 11'),
(23, 24, 'Alliance 12'),
(25, 26, 'Alliance 13'),
(27, 28, 'Alliance 14'),
(29, 30, 'Alliance 15'),
(31, 32, 'Alliance 16'),
(33, 34, 'Alliance 17'),
(35, 36, 'Alliance 18'),
(37, 38, 'Alliance 19'),
(39, 40, 'Alliance 20'),
(41, 42, 'Alliance 21'),
(43, 44, 'Alliance 22'),
(45, 46, 'Alliance 23'),
(47, 48, 'Alliance 24'),
(49, 50, 'Alliance 25'),
(51, 52, 'Alliance 26'),
(53, 54, 'Alliance 27'),
(55, 56, 'Alliance 28'),
(57, 58, 'Alliance 29'),
(59, 60, 'Alliance 30'),
(61, 62, 'Alliance 31'),
(63, 64, 'Alliance 32'),
(65, 66, 'Alliance 33'),
(67, 68, 'Alliance 34'),
(69, 70, 'Alliance 35'),
(71, 72, 'Alliance 36'),
(73, 74, 'Alliance 37'),
(75, 76, 'Alliance 38'),
(77, 78, 'Alliance 39'),
(79, 80, 'Alliance 40'),
(81, 82, 'Alliance 41'),
(83, 84, 'Alliance 42'),
(85, 86, 'Alliance 43'),
(87, 88, 'Alliance 44'),
(89, 90, 'Alliance 45'),
(91, 92, 'Alliance 46'),
(93, 94, 'Alliance 47'),
(95, 96, 'Alliance 48'),
(97, 98, 'Alliance 49'),
(99, 100, 'Alliance 50'),
(2, 1, 'Democratic Alliance'),
(4, 3, 'Progressive Front'),
(6, 5, 'National Unity'),
(8, 7, 'People Power'),
(10, 9, 'Alliance 5'),
(12, 11, 'Alliance 6'),
(14, 13, 'Alliance 7'),
(16, 15, 'Alliance 8'),
(18, 17, 'Alliance 9'),
(20, 19, 'Alliance 10'),
(22, 21, 'Alliance 11'),
(24, 23, 'Alliance 12'),
(26, 25, 'Alliance 13'),
(28, 27, 'Alliance 14'),
(30, 29, 'Alliance 15'),
(32, 31, 'Alliance 16'),
(34, 33, 'Alliance 17'),
(36, 35, 'Alliance 18'),
(38, 37, 'Alliance 19'),
(40, 39, 'Alliance 20'),
(42, 41, 'Alliance 21'),
(44, 43, 'Alliance 22'),
(46, 45, 'Alliance 23'),
(48, 47, 'Alliance 24'),
(50, 49, 'Alliance 25'),
(52, 51, 'Alliance 26'),
(54, 53, 'Alliance 27'),
(56, 55, 'Alliance 28'),
(58, 57, 'Alliance 29'),
(60, 59, 'Alliance 30'),
(62, 61, 'Alliance 31'),
(64, 63, 'Alliance 32'),
(66, 65, 'Alliance 33'),
(68, 67, 'Alliance 34'),
(70, 69, 'Alliance 35'),
(72, 71, 'Alliance 36'),
(74, 73, 'Alliance 37'),
(76, 75, 'Alliance 38'),
(78, 77, 'Alliance 39'),
(80, 79, 'Alliance 40'),
(82, 81, 'Alliance 41'),
(84, 83, 'Alliance 42'),
(86, 85, 'Alliance 43'),
(88, 87, 'Alliance 44'),
(90, 89, 'Alliance 45'),
(92, 91, 'Alliance 46'),
(94, 93, 'Alliance 47'),
(96, 95, 'Alliance 48'),
(98, 97, 'Alliance 49'),
(100, 99, 'Alliance 50');

-- =====================================================
-- TABLE 35: ELECTION_BUDGETS (100 Records)
-- =====================================================

INSERT INTO election_budgets (election_id, total_budget, spent_amount, status) VALUES
(1, 10000000.00, 5000000.00, 'active'),
(2, 5000000.00, 2000000.00, 'active'),
(3, 2000000.00, 500000.00, 'active'),
(4, 1000000.00, 100000.00, 'active'),
(5, 1000000.00, 0.00, 'active'),
(6, 1000000.00, 0.00, 'active'),
(7, 1000000.00, 0.00, 'active'),
(8, 1000000.00, 0.00, 'active'),
(9, 1000000.00, 0.00, 'active'),
(10, 1000000.00, 0.00, 'active'),
(11, 1000000.00, 0.00, 'active'),
(12, 1000000.00, 0.00, 'active'),
(13, 1000000.00, 0.00, 'active'),
(14, 1000000.00, 0.00, 'active'),
(15, 1000000.00, 0.00, 'active'),
(16, 1000000.00, 0.00, 'active'),
(17, 1000000.00, 0.00, 'active'),
(18, 1000000.00, 0.00, 'active'),
(19, 1000000.00, 0.00, 'active'),
(20, 1000000.00, 0.00, 'active'),
(21, 1000000.00, 0.00, 'active'),
(22, 1000000.00, 0.00, 'active'),
(23, 1000000.00, 0.00, 'active'),
(24, 1000000.00, 0.00, 'active'),
(25, 1000000.00, 0.00, 'active'),
(26, 1000000.00, 0.00, 'active'),
(27, 1000000.00, 0.00, 'active'),
(28, 1000000.00, 0.00, 'active'),
(29, 1000000.00, 0.00, 'active'),
(30, 1000000.00, 0.00, 'active'),
(31, 1000000.00, 0.00, 'active'),
(32, 1000000.00, 0.00, 'active'),
(33, 1000000.00, 0.00, 'active'),
(34, 1000000.00, 0.00, 'active'),
(35, 1000000.00, 0.00, 'active'),
(36, 1000000.00, 0.00, 'active'),
(37, 1000000.00, 0.00, 'active'),
(38, 1000000.00, 0.00, 'active'),
(39, 1000000.00, 0.00, 'active'),
(40, 1000000.00, 0.00, 'active'),
(41, 1000000.00, 0.00, 'active'),
(42, 1000000.00, 0.00, 'active'),
(43, 1000000.00, 0.00, 'active'),
(44, 1000000.00, 0.00, 'active'),
(45, 1000000.00, 0.00, 'active'),
(46, 1000000.00, 0.00, 'active'),
(47, 1000000.00, 0.00, 'active'),
(48, 1000000.00, 0.00, 'active'),
(49, 1000000.00, 0.00, 'active'),
(50, 1000000.00, 0.00, 'active'),
(51, 1000000.00, 0.00, 'active'),
(52, 1000000.00, 0.00, 'active'),
(53, 1000000.00, 0.00, 'active'),
(54, 1000000.00, 0.00, 'active'),
(55, 1000000.00, 0.00, 'active'),
(56, 1000000.00, 0.00, 'active'),
(57, 1000000.00, 0.00, 'active'),
(58, 1000000.00, 0.00, 'active'),
(59, 1000000.00, 0.00, 'active'),
(60, 1000000.00, 0.00, 'active'),
(61, 1000000.00, 0.00, 'active'),
(62, 1000000.00, 0.00, 'active'),
(63, 1000000.00, 0.00, 'active'),
(64, 1000000.00, 0.00, 'active'),
(65, 1000000.00, 0.00, 'active'),
(66, 1000000.00, 0.00, 'active'),
(67, 1000000.00, 0.00, 'active'),
(68, 1000000.00, 0.00, 'active'),
(69, 1000000.00, 0.00, 'active'),
(70, 1000000.00, 0.00, 'active'),
(71, 1000000.00, 0.00, 'active'),
(72, 1000000.00, 0.00, 'active'),
(73, 1000000.00, 0.00, 'active'),
(74, 1000000.00, 0.00, 'active'),
(75, 1000000.00, 0.00, 'active'),
(76, 1000000.00, 0.00, 'active'),
(77, 1000000.00, 0.00, 'active'),
(78, 1000000.00, 0.00, 'active'),
(79, 1000000.00, 0.00, 'active'),
(80, 1000000.00, 0.00, 'active'),
(81, 1000000.00, 0.00, 'active'),
(82, 1000000.00, 0.00, 'active'),
(83, 1000000.00, 0.00, 'active'),
(84, 1000000.00, 0.00, 'active'),
(85, 1000000.00, 0.00, 'active'),
(86, 1000000.00, 0.00, 'active'),
(87, 1000000.00, 0.00, 'active'),
(88, 1000000.00, 0.00, 'active'),
(89, 1000000.00, 0.00, 'active'),
(90, 1000000.00, 0.00, 'active'),
(91, 1000000.00, 0.00, 'active'),
(92, 1000000.00, 0.00, 'active'),
(93, 1000000.00, 0.00, 'active'),
(94, 1000000.00, 0.00, 'active'),
(95, 1000000.00, 0.00, 'active'),
(96, 1000000.00, 0.00, 'active'),
(97, 1000000.00, 0.00, 'active'),
(98, 1000000.00, 0.00, 'active'),
(99, 1000000.00, 0.00, 'active'),
(100, 1000000.00, 0.00, 'active');






